Karen Huynh;male;824;1945-02-18
Lindsay Padilla;female;802;1984-01-12
Jennifer Graham;female;963;1946-07-12
James Gardner;female;596;1999-10-28
Tanya Miller;male;918;1988-04-01
Robert Williams;female;228;1976-12-16
Carla Zavala;female;332;1944-07-07
Gregory Bridges;male;345;1997-02-22
Sarah Lucas;male;17;1964-08-14
Denise Simmons;male;887;1983-04-24
Kristen Murphy;male;362;1969-12-24
Richard Martin;male;523;1966-12-25
Jessica Willis;female;337;1962-08-04
Julie Rice MD;female;772;1998-11-26
William Simpson;female;732;1972-05-12
Frances Krueger;male;641;1957-12-27
Gabrielle Smith;male;665;1988-09-30
Julie Reyes;male;628;1996-01-11
Steven Carter;male;247;1994-04-06
Joann Sanders;male;628;1947-12-16
Thomas Harvey;female;5;1957-03-15
Michael Washington;female;875;1945-02-23
Kyle Williams;female;539;1965-11-20
Jacob Lewis;male;427;2002-05-14
Tara Davis;female;342;1992-09-21
Adrian Kramer;male;246;1996-06-14
Jimmy Wilson;male;21;1963-11-04
Seth Carter;female;155;1965-03-29
Heather Mitchell;female;82;1947-05-24
Nicole Gonzalez;female;966;2001-02-18
Mrs. Amy Becker;female;333;1992-08-23
Robert Robinson;female;863;1996-08-13
Jonathan Love;female;448;2001-04-17
Gary Rangel;male;804;1997-07-01
Kevin Thompson;female;368;1994-06-28
Angela Kelly;female;132;1985-12-06
James Smith;female;494;1983-09-19
Jordan Conner;male;537;1960-03-18
John Ward;female;384;1957-04-10
Patricia Cain;female;197;1984-10-19
Michelle Lewis;male;770;1944-11-30
Robert Perez;female;105;1961-05-08
Deborah Griffin;male;57;1990-04-19
Nicholas Mason;female;219;1952-02-01
David Martin;male;837;1992-12-03
Brett Taylor;male;307;1955-12-09
Jason Perez;female;212;1981-04-29
Mr. Thomas Perez;female;435;1963-04-30
John Jones;female;696;1957-01-05
Michelle Petersen;male;481;2002-07-15
Kimberly Stafford;male;443;1974-07-01
Lisa Underwood;female;174;1992-04-30
Casey Hernandez;female;733;1946-02-14
Emily Lewis;female;635;1989-05-18
Carlos Garrison;male;983;1972-02-15
Emily Sanchez;male;705;1953-04-14
Howard Woods;female;793;1993-10-15
Valerie Bautista;female;869;1983-08-31
Vicki Dougherty;female;956;1968-11-28
Lisa Miller;male;160;1952-09-25
Dr. Melissa Bush;female;369;1968-05-11
Hailey Blair;male;271;1987-07-09
Michael Lucas;female;974;1984-06-02
Sierra Smith;female;906;1948-05-22
Mary Matthews;male;90;1974-11-14
Erica Gomez;male;576;1966-08-12
Anthony Gomez;male;128;1958-04-17
Gina Rocha;female;743;1959-04-21
Ellen Perkins;female;455;1943-12-06
Jodi Williams;female;22;1950-03-16
Felicia Ryan;male;302;1987-07-02
Gina Nguyen;male;236;1981-11-17
William Gonzalez;male;777;1987-07-17
Nicholas Martinez;male;588;1967-03-30
Michael Williams;female;206;1949-04-08
Sarah White;male;76;1980-02-11
Zachary Jimenez;female;666;1945-09-12
Angela Doyle;female;811;1997-12-07
Jonathan Lopez;male;792;1964-09-23
Kevin Newton;female;498;1974-03-14
Courtney Meyers;female;666;2000-04-14
Christina Sandoval;male;318;1968-06-29
Courtney Campbell;female;934;1948-08-28
David Woods;female;975;1997-09-12
Douglas Adams;male;322;1959-05-10
Anthony Mueller;female;203;1964-11-05
Joseph Weaver;male;658;1978-04-28
Mr. Steven Nelson III;female;895;2001-08-03
Andrew Stevens;male;548;1947-07-15
Kyle Savage;female;423;1972-10-17
Tiffany Weiss;female;413;1995-10-10
William Newton;female;960;1997-04-29
William Hancock;female;116;1957-12-15
John King;male;9;2001-04-06
Jason Munoz;female;124;1943-08-28
James Morrison;female;941;1989-01-23
Candace Graham;female;315;1946-11-25
William Sampson;female;824;1980-03-29
Amy Walker;male;368;1965-08-01
William Alvarado;male;540;1978-04-16
Alan Butler;female;239;1996-10-07
Alexandria Murray;female;867;1979-07-18
Katherine Kaiser;male;283;1988-10-14
Laurie Lamb;male;4;1968-10-31
Kevin Baker;male;5;1960-01-22
Madeline Hunter;male;568;1976-03-01
Miguel Ritter;male;788;1959-07-25
Valerie Martinez;female;899;1985-08-30
Cathy Miller;male;224;1964-11-25
Andre Soto;female;673;1987-05-30
Lisa Daniels;male;268;1980-08-07
Tara Olsen;female;532;1945-07-19
Patrick Shaw;male;317;1981-03-03
Angela Ross;male;499;1954-03-20
Clayton Bell;female;810;1966-01-23
Anne Martin;female;846;1943-12-29
Brittany Harrington;male;476;1943-03-15
Debbie Miller;female;991;1997-06-25
Kristy Brown;male;943;1978-03-10
Elizabeth Ritter;female;841;1945-11-15
Deborah Perez;male;885;1966-09-25
Mr. Eric Rodriguez;male;396;1978-09-18
Brandon Conley;male;762;1945-07-05
Heather Gibson;female;48;1985-04-15
Sean Williams;female;240;1989-12-17
Malik Doyle;female;383;1999-10-09
Tyler Robinson;male;242;1949-04-01
Kevin Schroeder;female;397;1947-08-26
Diane Zuniga;female;428;1980-04-26
Kenneth Munoz;male;141;1966-06-02
Melanie Stewart;female;239;1970-06-28
Evelyn Jordan;female;796;1952-07-30
Donald Smith;male;229;1965-12-14
Kimberly Mathis;female;908;1962-07-12
Mr. Robert Hamilton;female;463;1979-04-21
Jorge Morris;female;659;2001-09-23
Sarah Lawson;female;877;1987-09-25
Richard Terry;female;202;1981-06-01
Laurie Jones;female;798;1998-08-19
Sheila Rivera;female;680;1964-09-21
Michelle Nichols;female;439;1999-01-14
Jessica Martinez;male;308;1949-01-29
Brian Harris;female;558;1948-09-24
Jose Morrison;female;593;1951-01-22
Tina Brown;female;639;1968-11-19
Abigail Robinson;female;680;1981-10-27
Scott Schwartz;female;942;1977-07-15
Heather Smith;male;361;1970-06-29
Michael French;female;864;1986-11-04
Samuel Simmons;male;509;1949-09-23
Ashley Cox;female;613;1971-04-25
Robert Richardson;female;63;1955-02-23
Charles Nelson;male;863;1948-04-21
Dr. Kimberly Moore;male;170;1971-02-15
Jason Knight;female;963;1956-02-06
Donna Hudson;female;947;1984-03-07
Paul Johnson;female;443;1950-11-05
Matthew Barron;male;163;1944-10-28
Taylor Price;female;433;1968-02-06
Jeffrey Edwards;female;445;1970-10-17
Mathew Martin;male;508;1953-05-26
Paul Davis;male;936;1993-09-07
Kathryn Horton;male;988;1963-04-03
Mason Dixon;female;376;1989-07-21
Alicia Reed;male;378;1969-12-25
Lauren Bradley;male;722;1989-02-05
Casey Wyatt;female;59;1972-11-20
Janice Preston;male;167;1985-08-22
Justin Hughes;female;151;1987-01-15
Kyle Salas;female;105;1968-06-17
Kaitlyn White;female;761;1991-02-23
Mary Parsons;male;186;1967-01-26
Matthew Phillips;male;62;1989-09-07
Rachael Lewis;male;308;1954-07-05
Nicole Cooper;male;800;1981-07-20
Michael Jackson;male;334;1987-11-30
Pamela Peterson;female;23;1969-05-20
Jonathan Adams;female;854;1951-07-17
Robert Robinson;male;949;1975-06-16
Jennifer Patel;female;262;1992-10-08
Dr. Kyle Walsh;female;850;1944-11-16
Ashley Rodriguez;female;519;1975-01-22
Andrew Vance;female;948;1949-10-31
Melissa Gomez;female;42;1956-05-05
Richard Adams;male;573;1990-07-05
Mary Brown;female;419;1952-05-14
William Roberts;male;735;1975-12-10
Crystal Cherry;female;452;1986-10-06
Lori Nolan;male;620;1968-01-18
Kaitlyn Quinn;male;419;2002-04-20
Willie Greene;female;876;1997-10-10
Lauren Holmes;male;316;1951-07-26
Kevin Flores;female;124;1967-07-15
Raymond Lester;male;363;1998-06-15
Cassandra King;male;401;1982-05-01
Brianna George;male;554;1973-10-31
Richard Ortiz;male;897;1988-01-20
Brian Williams;female;607;1977-05-15
Jason Copeland;female;655;1982-08-15
Charles Johnson;female;452;1946-02-10
Christina Thornton;male;963;1984-03-14
Mrs. Kelly Moon;male;805;1955-08-24
Julia Rodriguez;female;66;1978-03-25
Dylan Johnson;male;724;1943-11-02
Gregory Burton;female;687;1982-04-24
Brian Short;male;177;1986-07-15
Monica Johnson;male;965;1951-10-08
Erika Taylor;female;340;1966-10-17
Stephanie Moody;female;303;1998-03-09
Spencer Stanley;male;970;1974-06-27
Sydney Gonzalez;male;564;1964-08-19
Rachel Roberts;female;186;1971-10-31
Beth Williamson;female;71;1965-06-22
Nancy Parker;female;990;1956-12-13
Jason Anderson;male;137;1985-03-22
Robert Johnson;female;441;1958-02-11
Jessica Gomez;female;620;1966-08-29
Joe Gilbert;male;627;1990-07-05
David Jackson;male;110;1986-07-18
Jason Smith;female;249;2002-06-19
Stephanie Davenport;female;35;1970-03-23
Marissa Mitchell;female;634;2002-07-02
Aaron Novak;female;534;1993-09-16
Kevin Roberts;male;730;1994-01-19
William Estes;female;414;1993-03-28
Benjamin Smith;female;218;1968-08-20
Caitlin Schultz;female;576;1976-08-21
Debra Huff;male;755;1985-05-18
Spencer Myers;female;907;1968-07-10
Darrell Carter;male;535;1952-03-25
Stephen Collins;female;738;1965-04-27
Sandra Molina;male;872;1976-05-24
Lauren Hill;female;882;1953-01-12
Mr. Steven Garner MD;female;131;1964-08-05
Daniel Anderson;female;976;1978-05-13
Lisa Rhodes;female;796;1950-11-09
Meghan Erickson;male;898;1999-03-03
Vincent Briggs;male;803;1980-07-12
Aaron Taylor;female;8;1993-09-07
Christina Mack;male;696;1984-07-29
Kimberly Ball;female;566;1983-05-21
Melissa Johnson;male;157;1944-07-22
Brian Morales;male;938;1964-06-01
Michaela Hanna;male;840;1983-06-25
Mary Smith;female;386;1996-05-20
Travis Hancock;female;54;1986-01-21
Natalie Smith;male;100;1971-11-25
Monica Pope;female;111;1972-05-07
Gregory Noble;female;427;1949-07-03
Ann Luna;male;507;1946-11-16
Sarah Vazquez;female;505;1974-05-12
Luis Johnson;male;873;1974-08-24
Krystal Lucas;male;529;1957-01-02
Ashley Lynch;male;416;1985-02-12
Victoria Rodriguez;male;403;1958-09-25
Joanne Cain;male;834;1951-05-26
Brian Barber;female;995;1976-07-14
Casey Ross;male;809;2002-03-25
Charles Weaver;female;779;1974-06-12
Kelly Mathews;male;171;1980-06-03
Henry Powell;female;486;1979-06-29
Tina Stevenson;female;294;1944-07-06
Jessica Wells;female;222;1999-06-23
Joseph Bailey;male;41;1964-11-10
Anthony Wood;female;749;1980-11-17
Bobby Frazier;male;772;1965-07-08
Karen Hunt;male;254;1996-06-17
Kristen Burke;male;483;1949-04-10
Michelle Prince;male;739;1987-09-07
Steven Mendez;male;85;1978-09-23
Amanda Contreras;female;284;1962-11-28
Terry Simpson;male;411;1963-08-27
Jennifer George;male;253;1992-01-12
Olivia Sexton;female;786;1947-11-18
Jodi Petty;female;62;1953-08-26
Amanda Smith;male;360;1954-05-04
Brittany Smith;male;30;1963-02-03
Rebecca Elliott;female;787;1965-05-13
Alexander Harris;male;315;1990-07-06
Michael Fox;female;656;1960-11-07
Brian Stevenson;female;251;1981-02-10
William Santos;female;944;1943-11-03
Darrell Herrera;female;820;1951-04-22
Ariel Perez;female;815;1993-11-11
Raymond Barnes;male;982;1943-10-04
Kara Salazar;female;449;1959-11-26
Erica Weeks;female;88;1972-09-03
Laura Yu;male;515;1951-07-19
Mark Patel;male;661;1987-11-14
Adam Smith;female;313;1947-03-04
Jonathan Velez;male;256;1959-03-26
Nancy Odom;female;572;1963-12-28
Scott Roberts;female;549;1959-08-05
Lauren Mercado;male;757;1992-01-23
Karen Greene;female;738;1956-11-25
Robert Bell;female;511;1960-01-27
Dawn Adams;male;381;1959-12-23
Daniel Klein;male;317;1997-12-31
Kyle Warren;female;215;1966-05-25
Audrey Chandler;female;898;1949-10-09
George Crawford;female;80;1978-08-07
Heather Castillo;male;172;1978-04-06
Paula Gross;male;786;1994-08-27
Paul Simmons;male;471;1987-10-07
Beverly Franco;female;932;1962-09-21
Mary Armstrong;female;687;1988-07-04
Mike Young;female;340;1946-07-11
Michelle Randolph;female;325;1945-10-07
Amy Russell;female;187;1965-10-16
Leslie Frank;female;953;1973-08-17
Ashley Vaughn;male;150;1999-09-26
Tami Fuentes;male;38;1969-07-28
Preston Lopez;female;691;1986-12-17
Jennifer Rose;female;244;1959-05-29
Patricia Clark;male;882;1962-01-15
Anna Brown;female;789;1951-11-11
Alejandro Reed;female;948;1987-02-12
Ashley Rodriguez;female;584;1978-12-13
Kathleen Reeves;male;210;1982-04-02
Nicholas Smith;male;428;1997-08-27
Rick Gregory;female;55;1975-03-14
Terrence Weeks;female;123;1944-04-12
Melissa Holmes;male;97;1994-11-14
Michael Jones;male;305;1951-07-03
Kevin Freeman;female;525;1968-12-09
Thomas Hernandez;male;934;1989-09-25
Autumn Barnes;male;515;1963-09-21
Lisa Williams;female;642;2002-06-30
Ashley Simmons;female;20;1986-09-11
Brittney Callahan;male;175;1964-11-25
Robert Ward;male;675;1953-06-04
Tyrone Blankenship;female;786;1990-09-19
Robert Carson;female;296;1979-01-03
Jessica Gillespie;male;880;1951-04-06
Robert Mullen;female;965;1943-02-11
Melinda Wilson;male;499;1955-03-05
Jacob Bryant;male;234;1944-12-10
Terry Briggs;male;295;1951-12-21
Jennifer Riley MD;female;461;1957-05-02
Robert Sanders;male;803;1998-04-30
Kimberly Mills;female;148;1964-09-28
Gerald Cunningham;female;737;1984-03-11
Carrie Robbins;female;825;1971-02-13
Kevin Lewis;female;183;1958-02-28
Dr. Jacob Dunlap MD;male;559;1988-11-13
Kathryn Williams;female;37;1993-07-07
Michael Daniels;male;16;1961-07-10
Mark Andrade;male;700;1966-01-07
Maria Escobar;female;525;1973-10-31
Brian Santos;female;245;1964-01-13
John Mcbride;male;929;1980-04-24
Casey Martinez;female;783;1995-06-22
Russell Williams;female;835;1952-04-05
Vicki Williams;female;243;1995-11-20
Jonathan Flores;female;895;1990-06-10
Patrick Walker;male;487;1973-05-25
Jessica Martin;male;770;1994-08-01
Alexander Douglas;male;784;1976-01-29
Maria Boyd;female;14;1942-12-01
Jill Barker;female;876;1976-04-30
Brandon Hancock;male;389;1973-10-02
Aaron Gray;female;543;1962-07-05
Dylan Miller;male;760;1965-08-04
Jennifer Simmons;female;901;1972-02-12
James Phillips;female;481;1986-06-28
Jacob Ortiz;male;143;1956-09-07
Michelle Duncan;female;16;1985-01-17
Valerie Guerrero;male;825;1983-03-02
Lisa Decker;female;595;1971-11-21
Douglas Doyle;female;896;1995-08-23
Peter Baker;male;489;2002-04-15
Amy Martin;female;145;1976-09-02
Erica Sanford;male;64;1970-04-28
David Scott;female;42;1997-06-22
Michael Medina;female;954;1986-08-30
Casey Diaz;male;520;1973-05-20
Mary Jones;female;188;1982-03-05
Mr. Michael Miller;female;167;1945-12-18
Alan Davis;female;105;1999-05-14
Kathy King;female;437;1981-07-16
Edward Sherman;male;17;2000-06-10
Christopher Beck;female;11;1982-01-04
Charles Jones;male;74;1961-06-30
Evelyn Brown;male;225;1978-12-08
Justin Wilson;female;261;1960-12-14
Dustin Porter;female;355;1950-03-25
Christian Miller;male;746;1998-05-26
Kevin Porter;male;851;1967-03-31
Gina Harmon;female;303;1998-02-27
Alan Snyder;male;736;1993-08-30
John Lopez;male;859;1999-12-07
John Rasmussen;female;525;1984-07-24
Edward Johnson;female;117;1971-09-14
David Maynard;female;755;1979-09-18
Kimberly Morris;male;745;2001-04-10
Christina Clark;male;117;1986-05-15
Jason Alexander;female;848;1996-04-19
Jesus Davis MD;male;84;1971-10-29
Laura Fisher;male;200;1953-05-06
Melissa Stone;female;752;1959-04-21
April Brown;male;344;1949-06-24
Victoria Crawford;female;667;1979-06-13
Daniel Poole;female;703;1988-10-16
Benjamin Ray;female;548;1994-08-18
Justin Brown;female;23;1945-08-12
Eric Moore;female;413;1985-05-14
Emily Johnson;male;793;1974-02-05
Rebecca Gibson;male;961;1976-06-17
Kara Lee;male;997;1952-02-05
Taylor Hughes;female;295;1947-11-28
Brittany Dawson;female;851;1978-05-14
Alexis Stuart;female;223;1970-07-10
Mary Fisher;male;884;1981-12-20
Donna Ingram;male;653;1956-03-24
Sarah Joyce;female;460;2000-01-11
Leah Jones;female;338;1995-02-23
Mr. Benjamin Rodriguez;female;755;1947-12-05
Keith Rosario;female;236;1988-03-16
Daniel Goodman;male;180;1968-10-22
Anthony Bauer;male;457;1993-04-27
Lucas Garcia;male;767;1968-07-22
Ralph Riley;male;603;1972-12-08
Robert Chavez;female;295;1969-04-27
Lori Mejia;female;380;1983-11-22
Melvin Randolph;female;837;1973-10-01
Andrea Thompson;male;585;1952-09-20
Philip Garza;male;163;1972-07-24
Christopher Jordan;male;334;1986-12-04
Greg Carter;male;126;1964-11-17
Jennifer Townsend;female;684;1973-01-07
Brian Reeves;male;307;1964-11-19
Rebecca Thomas;female;528;1982-06-24
Andrea Clark;male;989;2001-01-02
Meagan Rowe DDS;female;900;1987-11-17
Kirk Mendoza;female;401;1983-08-15
Scott Smith;female;62;1988-09-19
Kathleen Dean;female;674;2002-04-29
Richard Hardy;female;275;1954-02-19
Russell Gray;male;247;1970-05-21
Kelsey Cruz;female;370;1957-12-23
Angel Byrd;male;158;1956-12-26
Victor Jones;male;302;1956-02-18
Amber Anderson;female;681;1958-10-16
Henry Williams DVM;female;421;1953-12-02
April Smith;female;477;1980-05-09
Zachary Richard;male;908;2001-03-19
Janet Schmidt;male;769;1963-12-04
Ryan Carson;male;411;1997-09-26
Daniel Miller;male;987;1967-01-14
Matthew Simon;male;638;1974-10-27
Jeffrey Woods;male;699;1984-11-25
Amanda Farley;male;938;1996-01-13
Richard Myers;female;734;1981-11-29
Jonathan King;female;745;1978-05-26
Rachel Sanchez;female;63;1981-08-17
Kathryn Abbott;female;145;1991-01-16
Robert Burns;male;334;1953-12-24
Amber Schaefer;male;561;1981-04-19
Kristina Logan;male;557;1969-08-20
Todd Wise;female;536;1960-04-10
Brandy Hunt;male;487;1966-06-28
Alexander Miller;male;125;1999-10-23
Kelly Flores;female;935;1976-03-12
James Smith;male;759;1961-08-12
Kelly Turner;male;970;2001-10-17
Jose Edwards;female;463;1954-08-10
Mary Rice;female;427;1973-08-26
Amber Nunez DDS;male;859;1988-08-05
Preston Harrison;female;978;1944-04-06
Jesse Thomas;male;160;1990-06-25
Richard Bridges;male;385;1997-07-12
Edward Small;male;278;1957-02-16
Christopher Kane;male;604;1986-02-06
Wanda Mueller;female;744;1962-04-14
Richard Soto;female;2;1970-06-03
Angela Hamilton;male;970;1977-12-12
Mrs. Misty Mccann DDS;male;478;1969-09-15
Sheri Barnett;male;939;1960-07-24
Paula Rojas;female;480;1950-11-13
William Reeves;female;184;1988-12-06
Louis Shea;male;650;1965-06-23
David Combs;male;835;1984-11-08
Laura Harris;male;575;1952-09-12
Caroline Gordon;male;189;1945-08-01
Elizabeth Mcpherson;male;728;1966-10-14
Gail Chavez;male;626;1942-12-22
Chris Andrews;male;163;1986-10-06
Thomas Garcia;female;992;2000-09-25
Margaret Wallace;male;166;1991-11-10
Brian Brown;female;422;1984-03-20
Shelia Conway;female;721;1984-01-31
Brian Donovan;female;806;1981-04-11
Lindsey Smith;female;469;1976-11-22
Bill Bass;female;562;1943-06-10
Natalie Smith;male;867;2000-06-13
Darren Smith;female;322;1982-07-10
Jason Santana;male;527;1990-07-21
Tracy Waters;female;706;2000-12-09
Jennifer Summers;female;4;2002-09-05
Cynthia Dominguez;female;313;1976-10-07
Michael Brown;female;344;1985-12-23
Jessica Larson;female;109;1957-08-14
Donna Wood;female;609;1984-10-26
Andrea Rodriguez;female;875;1990-04-04
John Sherman;male;940;1955-02-17
John Gordon;female;340;1948-11-25
Maria Hickman;male;738;1954-09-23
Hannah Roberts;female;418;1965-01-28
Jennifer Mason;male;430;1965-03-24
Shari Schmidt;male;433;1943-04-11
Jerry Koch;male;221;1990-10-22
Michael Schwartz;male;263;1997-03-11
Tammy Johnston;female;61;1967-11-26
Ashlee Anderson;female;995;1952-01-13
Megan Carson;female;912;1974-04-21
Valerie Reilly;male;246;1983-09-02
Sarah Shepard;male;668;1966-02-22
Henry Pena;male;386;1987-01-18
Jonathan Johnson;male;42;1999-11-08
Samantha Smith;male;204;1998-03-23
Stephanie Ramirez;female;167;1993-03-24
Cory Gordon;female;224;1955-09-22
Lisa Mcdonald;female;533;1975-11-12
Savannah Francis;male;380;1952-10-11
Brian Miller;male;780;1961-02-13
Timothy Wise;male;790;1978-05-22
Alyssa Morgan;female;787;1977-08-20
Susan Jones;female;255;1996-01-01
Clifford Richardson;male;398;1986-08-24
Yvette Cooper;male;718;1945-12-26
Michael Cantrell;female;387;1955-09-12
Nicole Hunter;male;782;1972-03-12
Sandra Martinez;male;918;1963-06-16
Dylan Hampton;female;357;1984-10-02
Michael Lee;female;620;1990-03-17
Julia Chavez;male;642;1971-03-17
Ryan Bruce;male;307;1946-07-01
Troy Sandoval;male;68;1957-08-20
Jason Kent;female;894;1965-04-07
Nicole Gray;male;664;2001-05-14
Vincent Farmer;female;525;1982-12-18
Alexander Murphy;male;502;1945-06-05
Richard Coleman;male;196;1945-07-21
Ashley Long;female;663;1984-02-15
Travis Fisher;male;828;1979-07-14
Caitlin Robinson;male;397;1955-11-12
Emily Dunn;male;528;1972-07-25
John Rodriguez;male;522;1949-11-01
Steven Hansen;female;776;1988-04-04
Joseph Berg;male;393;1993-06-26
Matthew King;female;868;1992-04-21
Michael Lara;female;304;1957-07-07
Gabriela Lucero;female;18;1989-03-03
Heather Huff;female;60;1962-09-26
Cory Turner;male;483;1986-02-10
Cole Carter;female;811;2001-10-28
Benjamin King;male;386;1953-12-15
Brian Kelly;male;794;1979-01-20
Eric Conley;female;203;1956-02-24
Bryce Graham;female;646;1975-12-13
Peter Ayers;male;602;1974-03-25
Derek Tucker;female;175;1951-05-12
Roy Peterson;male;264;1958-08-09
Rachael Green;female;669;1988-04-10
Shannon Gregory;female;158;1965-08-16
Jonathan Greene;female;216;1964-02-22
Madeline Willis;male;784;1958-01-24
Marco Vargas;male;746;1946-04-17
Michael Bowen;female;927;1995-06-11
Gerald Harvey;male;1;1954-05-07
Jeffrey King;female;648;1950-10-30
Gabriel Adams;female;2;1946-09-04
Olivia Stanley;male;580;1983-10-28
Sean Boyer;male;872;1949-08-22
Timothy Burton;male;66;1953-12-20
Cheryl Boyd;male;855;1946-07-23
Mr. Kristopher Chapman;female;786;1977-06-15
Tyler Norris;male;197;1985-09-17
Roger Hughes;male;236;1991-10-27
Bryan Thomas;male;152;1970-10-06
John Palmer;male;895;1974-01-18
Shannon Parker;female;882;1992-02-16
Kenneth Price;female;146;1966-10-20
Christopher Miranda;male;726;1959-12-10
Erin Mendez;male;711;1985-06-26
Joseph King;male;198;1952-05-08
Lauren Walker;female;750;1943-09-03
Virginia Kerr;male;994;1960-01-07
Patricia Black;male;796;1983-06-30
Michelle Williams;female;962;1982-01-21
Charles Luna;male;166;1954-03-06
Crystal Jones;male;119;1997-04-01
Gerald Acosta;female;458;1950-11-29
Angela Thomas;male;74;1958-10-07
Amanda Brown;male;808;1987-12-29
Barry Vargas;female;736;1979-12-30
Emily Paul;female;161;1989-02-22
Cathy Oliver;male;441;1971-10-31
Robert Smith;female;825;1946-12-15
Monica Lopez;male;358;1982-11-18
Kenneth Jones;female;204;1996-02-24
Jason Edwards;female;214;1981-03-31
Mary Clay;male;412;1981-05-05
Katherine Jordan;male;917;1951-12-29
Derrick Malone;female;204;1960-09-23
William Turner DDS;female;379;2000-10-03
Christopher Pineda;male;974;1966-11-05
Kristin Aguilar;male;458;1967-08-26
Levi Dean;female;506;1997-10-14
Michael Fisher;male;602;1957-09-13
Angela Flores;female;799;1966-09-28
Christian Smith;female;249;1980-01-01
Melissa Mendoza;male;866;1975-02-08
Nathaniel Sanchez;male;924;1963-04-03
Michael Hayes;male;336;1981-07-28
Rachel Scott;male;787;1958-01-18
Heather Howard;male;262;1998-12-30
Crystal Hall;male;965;1985-02-23
Tara Coleman;male;367;1978-11-28
Darren Hunt;male;865;1989-08-12
Anna Baldwin;female;349;1968-01-29
Oscar Alvarez;male;385;1958-11-12
Cheryl Dominguez;female;779;1988-10-19
Pamela Roberts;male;275;1949-10-24
James Washington;female;602;1948-10-28
Dominique Jacobson;male;674;1973-01-08
Judy Cook;male;582;1978-03-02
Jessica Morales;male;929;1984-02-15
Michael Hudson;male;95;1965-06-19
Christian Berry;male;358;1973-11-26
Matthew Robbins;male;201;1974-09-17
Elizabeth Alvarez;female;921;1997-08-03
Dr. Timothy Scott;male;715;1997-01-16
Matthew Leblanc;male;619;1995-12-27
Valerie Velazquez;male;4;1973-10-01
Stephanie Wilkerson;male;640;1992-02-12
David Brown;male;658;1966-09-10
Stacey Johnson;female;682;1981-07-29
Christopher Gibson;male;705;1963-02-06
Heidi Beasley;female;220;1998-08-14
Elizabeth Reyes;female;125;1990-11-25
Kevin Cervantes MD;male;467;1965-06-08
Kenneth Knight;female;810;1971-08-27
Dawn Johnson;female;801;1974-11-24
Michael Jackson;male;413;1973-06-21
Luke Sullivan;male;143;1989-04-20
Catherine Walter;female;630;1990-10-15
Stephanie Graves;male;414;1995-10-23
Caitlin Mccarthy;female;343;1996-06-12
Frank Vaughan;female;587;1983-12-01
Brandy Martin;male;846;1992-05-05
Destiny Henson;female;622;1951-09-03
Mrs. Katie Watson DDS;male;98;1956-03-17
Jason Russell;male;780;1948-09-27
James Marsh;male;721;1987-08-27
Elizabeth Gutierrez;male;704;1979-08-10
Carlos Carr;female;454;1945-11-20
Kelly Russell;female;6;1959-06-13
Stephanie Savage;female;174;1945-08-04
David Joyce;male;579;1965-06-27
Nicole Wallace;female;454;1962-05-26
Gail Lane;male;712;1963-06-29
Edward Martin;female;859;1953-04-30
Jose Hill;male;982;1995-08-13
Ashley Crawford;female;342;1951-01-28
Jamie Thomas;male;84;1973-08-28
Catherine Gonzalez;female;590;1974-10-26
Victor Marquez;male;562;1950-03-02
Stephanie Miller;female;837;1987-05-25
Michael Smith;female;337;1969-04-08
James Watson;male;498;1997-05-17
Amy Hancock;female;197;1946-09-18
Susan Harmon;female;691;1964-05-29
James Rangel;female;837;1951-10-29
Jacqueline Simmons;male;453;1954-07-16
Heather Gillespie;female;329;1953-08-31
Joseph Avila;female;415;1962-09-12
Vernon Wade;male;683;1960-09-19
Bianca Johnson;male;578;1968-03-27
Denise Anderson;female;829;1992-01-17
Robert Patrick;male;840;1945-12-28
Daniel Ball;male;185;1991-11-23
James Hunter;male;112;1961-11-05
Brian Martinez;female;589;1971-05-15
Frank Sweeney;female;739;1949-03-05
Ian Ayers;female;469;1954-02-15
Zachary Lucas;female;299;1954-12-24
Brittney Hayes;female;170;1953-12-21
Marcia Harris;male;381;1977-10-14
Michael Summers;female;885;1962-09-13
Samuel Brown;female;810;1979-07-21
Matthew Jones;male;278;1987-01-17
Sean Davis;male;272;1943-02-23
Monica Freeman;female;972;1981-09-29
Jennifer Murphy;female;117;1956-07-01
Kathy Daniels;male;360;1956-12-08
Maurice Hanna;female;519;1985-04-11
Alicia Haas;female;208;1990-10-22
Martha Jones;male;942;1956-09-14
Lauren Griffin;female;434;2000-08-14
Alicia Hernandez;female;988;1947-12-01
Caroline Santos;male;957;1983-05-02
Jennifer Brown;male;228;1952-06-13
Deanna Love;male;32;1989-11-09
Jared Blankenship;male;561;1967-01-16
Fernando Blankenship;female;766;1982-12-26
Clinton Smith;male;161;1995-04-08
Richard Orozco;male;137;1979-06-21
Jason Harvey;male;792;1991-03-27
William Logan;female;22;1944-07-15
Adam Wilson;male;33;1996-03-27
Melissa Rogers;female;65;1964-11-08
Nancy Ross;female;244;1989-08-18
Danielle Watson;male;596;1962-11-26
Mary Brooks;female;758;1995-04-01
Carrie Ali;female;557;1981-05-16
Alex Santana;male;455;1978-02-26
Karen Davis;female;151;1986-07-30
Rachel Welch;female;578;1971-06-05
Cindy Bates;female;315;1995-11-10
Casey Brewer;male;827;1961-05-19
Jennifer Krause;female;700;1980-05-13
Dana White;female;197;1965-03-07
Mr. Larry Harper;male;850;1948-07-11
Jennifer Wiggins;male;967;1985-04-14
Mrs. Andrea Clark MD;female;504;1996-01-19
Stanley Meyers;female;104;1973-09-14
Aaron Fisher;male;850;1975-08-15
Cassandra Branch;female;468;1979-01-23
Nicole Shepherd;female;271;1962-11-07
Tina Fletcher;male;763;1984-10-06
Donna Knight;female;256;1975-02-09
Tara Santana;female;965;1953-07-06
William Thomas;female;498;1988-12-22
Christina Howell;female;485;1963-08-17
Amanda Smith;female;84;1996-01-24
Christopher Sweeney;female;589;1968-12-29
Melissa Thompson;male;899;1983-06-07
Amanda Hawkins;female;287;2000-12-06
Raymond Wang;female;409;1945-08-20
David Vasquez;female;494;1969-05-06
Kevin Nolan PhD;female;837;1978-03-30
Judith Sweeney;female;870;1994-06-10
Mark Stone;male;846;2001-08-02
Mary Miller;female;461;1984-08-11
Joshua Williams;male;839;1964-07-20
Larry Jones;male;213;1963-02-08
Jason Flowers;female;431;1968-02-15
Stacy Kelly;male;40;1961-04-14
Lacey Hernandez;female;402;1952-05-30
Tammy Adkins;female;755;1950-05-24
Sandra Dennis;female;529;1978-10-23
Holly Stone;male;38;1982-08-19
Tara Porter;female;183;1952-12-31
Krystal Kaiser;male;45;1987-02-06
Dr. Nancy Charles DDS;male;197;1976-05-27
Joshua Welch;female;621;1994-12-27
Walter York;female;181;1984-01-10
Heather Wong;female;805;1973-03-23
Kelly Levine;female;648;1997-07-02
Zachary Richards;male;673;1964-04-19
John Wood;female;186;1995-04-27
Ashley Rhodes;male;516;1944-01-19
Philip Vincent;male;17;1958-01-28
Joseph Moreno;female;196;1942-12-09
Belinda Evans;female;629;1956-08-10
James Dalton;female;553;1954-01-21
Douglas King;male;313;1976-04-04
Kelly Ferguson;male;268;1969-12-18
Rebecca Conrad;female;773;1952-05-26
Christopher Carlson;male;496;1976-10-29
Breanna Cummings;female;111;1998-04-30
Edward Williams;female;237;1954-09-29
Kimberly Campbell;female;619;1948-10-04
Amy Blackburn;female;209;2001-11-30
John Wilson;female;725;1989-01-20
Carmen Russell;male;139;1950-12-14
Michael Patterson;male;232;1961-06-20
Trevor Castro;female;319;1996-08-04
Kelsey Gomez;female;73;1982-09-05
Andre Nichols;male;416;1999-07-06
Anne Ramirez;male;261;1989-08-15
Angie Maldonado;male;415;1961-05-11
Taylor Li;male;970;1978-10-14
John Hicks;male;91;1988-07-11
Sharon Willis;female;566;1996-12-16
Crystal Roberts;female;132;1951-10-10
Steven Graham;male;305;1975-11-30
Alexander Vasquez;female;144;1956-09-22
Monica Mullen;female;736;1987-05-20
Kenneth Dominguez;female;648;1989-06-29
Lorraine Lester;male;41;1970-07-21
Mary Brown;female;800;1978-10-13
Bradley Martinez;female;736;1972-05-12
Jordan Stevens;female;577;2002-04-21
Roberto Thompson;male;356;1962-05-26
Michelle Gillespie;female;911;2001-12-27
Michael Conway;male;561;1979-06-11
Brian Pearson;male;885;1946-12-29
Christopher Aguilar;male;685;1990-01-03
Victoria Hawkins;female;639;1970-04-09
Amanda Gonzales;male;581;1963-04-19
Thomas Hawkins;female;879;1954-01-12
Robert Miller;female;188;1968-03-16
Christina Palmer;male;979;1961-07-08
Mrs. Jessica Knapp DDS;male;825;1978-10-24
Amanda Hunter;female;736;1972-01-19
Gerald Myers;female;740;1946-05-27
Michelle Johnson;female;733;2001-11-15
Kevin Brown Jr.;male;614;1994-06-24
Matthew Richards;female;844;1960-04-08
Dorothy Long;female;897;1998-09-18
Pamela Bishop;male;14;1944-02-16
Melinda Krause;female;597;1995-09-17
Jennifer King;female;325;1976-04-09
James Mckinney;male;141;1943-04-19
Darrell White;female;508;1983-01-14
Donald Jones;female;153;2001-09-16
Michelle Johnson;male;601;1959-08-31
Tracy Stewart;female;175;1964-01-07
Margaret Pierce;female;219;1955-08-12
Ryan Mcintosh;female;667;1955-12-09
Shane Dawson;female;253;1945-04-30
Carolyn Turner;male;473;1989-11-17
Kristine Day;female;182;1986-10-07
Melanie Murillo;male;98;1954-01-29
Ryan Jacobson;male;618;1946-11-21
James Morris;male;996;1967-08-30
Mr. Jeffrey Little;female;373;1963-06-13
Jonathan West;female;56;1983-06-14
Tommy Best;female;225;1984-06-02
Jordan Brennan;female;778;1986-03-15
Lacey Deleon MD;male;308;1986-06-20
Jason Marsh;male;355;1959-01-11
David Peters;female;862;1966-02-01
Jessica Rice;male;13;1994-02-03
Mr. Tyler Hooper;female;681;1968-08-01
Michael Smith;female;310;1999-06-17
Dana Jacobs;male;497;1991-01-10
Shawn Mathews;male;381;1968-07-31
James Todd;male;466;1992-06-14
James Wilson;female;617;1990-05-19
April Hernandez;male;294;1991-12-16
Travis White;female;404;1967-10-04
Stephanie Welch;female;562;1985-05-05
Brian Montgomery;male;555;2001-07-10
Ashley Morgan;male;49;1966-05-07
Austin Adams;female;35;1985-06-15
Jennifer Robinson;male;595;1999-04-15
Michael Cochran;male;110;1973-08-28
Scott Warner;female;57;1973-07-19
James Henderson;female;493;2000-02-28
Emily Elliott;male;738;1994-11-28
Amanda Collins;male;690;1993-06-22
Andrew Ward;female;340;1962-01-20
Jason Stevens;female;810;1960-03-12
Brianna Smith;female;177;1953-03-04
Michael Galvan DDS;female;701;1977-04-25
Crystal Webb;male;309;2000-06-29
Haley Banks;female;3;2000-09-11
Veronica Soto;female;139;1962-09-02
Christopher Hall;female;540;1976-09-01
Robert Velez;female;187;1985-05-25
James Brown;male;763;1986-08-07
Ethan Christensen;male;920;1968-08-21
Elizabeth Castillo;female;332;1981-08-29
Steven Johnson;female;743;1967-05-26
Antonio Cooper;male;537;1963-10-05
Stephanie Fields;female;454;1965-10-30
Anthony Lowery;female;801;1996-01-06
Felicia Love;female;821;1998-01-07
Shawn Marquez;female;128;2001-02-28
Gary Miller;male;747;1989-03-17
Nancy Estes;female;630;1943-09-22
Amanda Johnson;female;812;1987-01-06
Trevor Harmon;male;486;1944-06-03
John Lang;male;897;1987-02-11
Angelica Hatfield;male;936;1946-04-18
Ryan Jimenez;female;612;1967-08-19
Brian Howell;female;602;1986-07-20
Melissa Smith;female;802;1959-12-08
Richard Murphy;male;861;1950-07-01
Kathryn Howe;female;247;1950-06-07
Bailey Wright;male;286;1983-02-14
Lori Hopkins;male;347;1955-02-04
Derek Stafford;female;136;1984-03-10
Janet Brown;female;504;1948-06-17
Joshua Simmons DVM;female;215;1985-06-24
Patricia Martinez MD;female;427;1943-08-22
Jason Nguyen;female;320;1988-02-13
Jacob Miller Jr.;male;535;1987-02-12
Lance Jenkins;female;245;1957-08-22
Brittany Decker;male;942;1967-08-19
Jared Frost;female;555;1942-09-22
Sarah Fitzpatrick;female;653;1984-10-01
Veronica Adams;male;43;1956-06-07
Aaron Cooper;male;925;1954-02-06
Cheryl Church;female;752;2000-08-02
Melissa Medina;male;391;1973-05-23
Vanessa Benjamin;male;54;1975-04-19
Sarah Zhang;male;692;1959-09-19
John Peters MD;male;874;1968-05-05
April Johnson;female;438;1966-10-28
Aaron Rice;female;874;1975-11-02
Courtney Edwards;female;371;1966-03-31
Kristina Cruz;male;635;1992-02-17
Aaron Marks;female;606;1956-08-13
Carol Walker;female;947;1997-03-14
Jared Hall;female;924;1992-09-15
Denise Schneider;male;137;1943-12-13
Rebecca Walsh;female;984;1996-09-20
Anthony Atkins;male;316;1945-09-26
James Bradley;female;977;1949-04-20
Eugene Scott;female;79;1950-10-25
Joshua Morris;male;319;1950-02-10
Nathaniel Johnson;male;318;1963-11-22
Kathy Huerta;male;358;1991-07-03
Catherine Bailey;female;41;1982-10-19
Marcus Fernandez;female;46;1991-09-16
Mary Mcgrath;male;395;1999-05-09
Chelsey Butler;male;521;1949-11-17
Rebecca Thomas;female;910;1960-10-11
Tyler Perez;male;778;1966-01-07
Lori Davis;female;121;1988-09-14
Anthony Rice;male;89;1971-04-01
Michael Johnson;female;913;1965-01-05
Mary Brock;female;466;1951-02-01
Albert Martinez;female;980;1973-07-19
Angela Holt;male;148;1980-12-13
Brad Anderson;male;261;1949-12-20
Elizabeth Caldwell;female;477;1961-04-10
Kara Black;male;707;1980-06-30
Julie Torres;female;502;1986-08-04
Nicole Bryant;female;394;1976-05-09
Elizabeth Dean;male;299;1976-07-29
Karen Parker;female;702;1980-03-03
John Kennedy;male;147;1994-02-24
Christopher Smith;female;491;1987-09-26
Kimberly Taylor;female;663;1971-07-24
Jacob Hampton;female;984;1957-12-14
Jacqueline Bryant DVM;male;158;1955-12-22
Amanda Gardner;male;428;2002-07-15
Timothy Black;male;832;1975-09-21
Jennifer Johnson;male;913;1945-07-17
Hannah Cox;male;189;1954-11-05
Carol Rodriguez;male;962;1996-11-21
Andrew Guzman;female;29;1949-02-09
Steven Simpson;female;565;1977-04-13
Patrick Barnett;male;204;1982-02-09
Lauren Wilson;female;626;1977-11-02
James Medina;female;913;1976-03-16
Troy Powell;male;717;1956-05-12
Danny Fleming;male;130;1956-03-02
Jordan Ward;male;517;1999-10-18
Christina Brown;male;668;1999-09-21
Jeffrey Morris;male;552;1945-08-29
Katelyn Gonzalez;female;72;1970-12-25
Sean Porter;male;256;1968-05-14
Steven Edwards;female;695;1944-11-24
Felicia Duran;male;374;1972-01-04
Thomas Fields;male;385;1945-08-18
Sabrina Salas;male;986;1966-04-10
Matthew Bryan;male;622;1976-07-05
Lynn Boyer;male;457;1982-10-06
Susan Nichols;female;699;1973-01-29
Thomas Mclaughlin;male;96;2002-05-07
George Cunningham;female;195;1942-12-29
Elizabeth Moore;male;122;2001-06-13
Mary Harris;female;442;1956-03-14
Katie Austin;male;54;1942-11-29
Kevin Graham;female;103;1978-11-20
James Holt;female;202;1946-10-03
Dominique Carter;male;87;1980-07-14
Keith Robertson;female;269;1944-09-18
Alicia Wright;female;756;1950-10-21
Crystal Welch;male;622;1969-06-21
Anne Rodriguez;female;54;1992-03-14
Connie King;male;168;1958-09-22
Debra Gonzales;female;934;1993-06-27
Shannon Wood;female;441;1943-01-05
Randy Greer;male;205;1982-02-23
Stacy Villanueva;male;834;1987-01-13
Stacey Compton;female;457;1985-05-25
Michael Wallace;female;951;1949-12-01
David Smith;male;90;1979-11-02
Regina Rivera;male;618;1979-10-04
Nicholas Smith;female;100;1975-11-24
Brian Becker;male;606;1946-08-29
Lauren Alvarado;female;631;1961-02-13
Brenda Hernandez;male;311;1945-11-19
Alexandra Clark;male;517;1960-04-06
Rodney Holden;male;50;1957-10-25
Roger Wang;male;665;1983-01-27
Willie Grant;female;869;1954-05-13
Robert Beck;female;23;1944-10-28
Steven Bryant;male;298;1993-04-15
Brandi Rivas;male;916;1948-04-15
Jack Fox;male;362;1970-09-13
Christopher Andersen;male;801;1992-10-04
Jeremy Clark;female;764;1982-09-30
