Mortality;PC+Phone;1563;Limitations. Ltd;4;+70035790594;DirJeanne Mitchell
Saw Cathedral;PC+Phone;100000;Compounds. Ltd;205;+61504305874;DirSamantha Sanchez
Livecam Remainder;PC;22284;Mali. LLC;762;+57926488447;DirMrs. Shannon Richardson
E Morris;Phone;88716;Edward. Inc;489;+77488028580;DirMargaret Flores
Loose Fi;PC+Phone;90106;Dedicated. Inc;621;+12793940763;DirLisa Smith
Cumshot Italia;PC+Phone;57101;Potential. Co;894;+73396256001;DirGreg Murillo
Citations Right;Phone;96677;Ln. Corp;656;+14700301522;DirCarol Grant
Technologies;PC;153;Williams. Corp;550;+23430140462;DirAngela Brown
Tier;PC+Phone;51891;Voyuer. Ltd;263;+57528983456;DirDalton Reed
Modeling;Phone;5692;Capture. Corp;899;+76735861952;DirRichard Henderson
Admit;PC+Phone;64020;Journalism. Corp;198;+47615164674;DirJason Watson
Movement Modes;Phone;41226;Bs. Inc;671;+24112362916;DirMichelle Mack
Jonathan;PC+Phone;68933;Lung. Co;108;+74902846427;DirTaylor Smith
Midi;PC+Phone;67086;Ears. Inc;365;+15804651831;DirBrianna Wood
Cdna;PC+Phone;98338;Masturbation. Co;975;+20110802402;DirAngel Stephens
Alan;PC;7177;Ended. Corp;488;+57237721716;DirRonald Santiago
Feed;PC;34687;Lawrence. Inc;33;+18647817998;DirAshley Maddox
Pierre;PC;6321;Plasma. LLC;758;+39947897157;DirThomas Hawkins
Lists;PC+Phone;17291;Deeply. Inc;671;+35267729852;DirTiffany Coleman
Ch;PC+Phone;9547;Ak. Corp;234;+29622574511;DirJeffery Archer
Pressure Second;Phone;29866;Gpl. Inc;318;+40679770972;DirGregory Casey
Morocco;PC+Phone;11479;Beat. Corp;818;+27019907455;DirJoshua Huff
Rochester Residents;PC;46038;Roughly. Ltd;992;+55473702992;DirKurt Johnson
Several Confused;Phone;34184;Wrap. Co;123;+37812765077;DirMichael Dixon
Check Proud;PC+Phone;45629;Italy. LLC;697;+50012157696;DirNathaniel Rivera
Rings;PC+Phone;84275;Affiliates. Ltd;611;+75181703009;DirJoshua Shaw
Sara;Phone;24384;Let. Ltd;121;+10652386564;DirJon Anderson
Transportation Beat;Phone;73306;Addition. Ltd;181;+59835271118;DirGreg Wilson
Tions;PC;74253;Manage. LLC;785;+76571186077;DirJames Bennett
Trunk;Phone;41264;Mba. Inc;66;+15454416334;DirJamie Simon
Resumes;Phone;29815;Attach. Corp;633;+79022499157;DirCynthia Perez
Musician Listings;Phone;40009;Ips. Corp;579;+73084080041;DirJeffery Evans
Swimming Prescribed;PC+Phone;2292;Practitioners. Corp;573;+27713089063;DirAshley Warren
Jerusalem Classifieds;Phone;24615;Secure. Ltd;725;+67834233903;DirAmy Bauer
Rapidly;PC;48594;Golf. Co;52;+50589312783;DirAmy Sanchez
Taiwan Erotica;PC+Phone;55526;Omissions. LLC;815;+71776889961;DirHector Fisher
Discussions;PC;34240;Proposed. Corp;715;+75093081856;DirKyle Parker
Filters;PC;71275;Incidence. Co;465;+17953967027;DirMelissa Riggs
Aid Artist;Phone;39672;Horrible. Ltd;579;+60133664068;DirMary Oneal
Subscribe;PC;87873;Adjustable. Inc;917;+48015270925;DirLatasha Wolfe
Are;Phone;44141;Numeric. Corp;667;+19808991125;DirAnna Jones
Grateful Os;PC;78847;Intelligent. Corp;607;+73984080458;DirIsaac Barker
Obtain Rugby;Phone;12509;Feeling. Corp;517;+18628083472;DirBrian Lambert
Trigger;PC;734;Consulting. Co;856;+25086652908;DirJavier Price DDS
Sensitive Banned;PC;15062;Rendered. Ltd;418;+50553524051;DirThomas Soto
Es Holdem;PC;49205;Violent. Corp;573;+65832680621;DirKristen Patel
Daughters;Phone;5002;Unauthorized. Inc;623;+30651022870;DirDonna May
Nascar;Phone;79479;Lindsay. Corp;118;+30419750635;DirDustin Serrano
Nsw;PC;21353;Awesome. LLC;917;+60882562835;DirTodd Parker
Alt Campaigns;PC+Phone;88826;Phone. Inc;432;+61114242117;DirKathy Francis
Andy Decide;PC;49095;Draws. Co;619;+19400121527;DirJeff Graham
Excellence;PC+Phone;80367;Neural. Inc;262;+43843743004;DirSuzanne Thompson
Mailed Powered;PC+Phone;28056;Beginning. LLC;420;+60181138316;DirJamie James
Exchanges;PC+Phone;62063;Pdas. LLC;54;+24464574363;DirAmy Marsh
Ken Pets;Phone;96158;Pitch. Co;356;+34784309423;DirCarol Velez
Cluster;PC;355;Comfortable. Ltd;110;+18810684331;DirTheresa Garcia
Allergy;PC+Phone;89933;Acc. Ltd;46;+51851686638;DirAshley Jones
Chart Forward;Phone;18736;Sally. Ltd;447;+49140851108;DirAustin Bell
Claimed;Phone;79258;Presence. Corp;966;+27043008902;DirKrystal Ingram
Outside;Phone;91255;Investigation. Inc;889;+33815110819;DirKatelyn Mckee
Conviction;PC;94247;Calm. Inc;513;+24504531158;DirBryan Carr
Reset Betty;Phone;38596;Example. Inc;892;+13269573687;DirMelissa Adams
Poly;PC+Phone;90361;Contribute. Co;883;+42356066270;DirLindsay Martinez
Elsewhere Glenn;PC+Phone;19794;Yeast. Co;650;+60230394741;DirMichael Watson
Kentucky Tolerance;PC+Phone;4600;Vulnerable. Inc;427;+72439048759;DirLaura Vega
Gt;Phone;66989;Fix. Co;574;+49008254857;DirDiana Gallagher
Geometry;PC;46229;Defense. Corp;635;+38325337026;DirNicole Lawson
Dependence Dvds;PC;63064;Configuration. Inc;979;+12724482999;DirSabrina Lane
Mv;PC+Phone;70808;Ia. Ltd;705;+44869435217;DirTodd Torres
Zoning Vol;PC;51303;Common. Co;95;+68420762554;DirHaley Andrews
Century Subjects;Phone;83403;Along. Co;249;+43423474679;DirDebra Vazquez
Bingo;Phone;91533;Gt. Corp;608;+16828675202;DirPeter Mcintosh
Enter;PC;56609;Retailers. Ltd;938;+29003383502;DirBradley Harris
Hk Plumbing;PC;51198;Sublime. LLC;135;+27431033265;DirDarren Sullivan
Ft Distinction;PC;31113;Newton. Ltd;712;+65348581932;DirJerry Gray
Wn Pursuant;PC+Phone;26432;Segment. Corp;44;+38495653341;DirKimberly Smith
Councils;Phone;73418;Proper. Ltd;721;+44106546610;DirMichelle Mitchell
Afraid;Phone;69100;Vista. Corp;773;+34701051986;DirLisa Lee
Sides;PC+Phone;43096;Gtk. Corp;537;+19163278435;DirChristine Cooke
Diagram;PC+Phone;40072;Liechtenstein. Ltd;133;+26518022257;DirRichard Foster
Finnish;PC+Phone;93526;Productions. Co;580;+79243633125;DirChristopher Chapman
Supposed Lakes;PC;11909;Easy. Inc;197;+27434426252;DirAmy Harris
Careers;PC+Phone;60844;Color. Co;521;+77516093866;DirRobert Shaw
Partners;PC+Phone;20296;Puzzle. Corp;160;+26801000802;DirShane Beck
Society;PC+Phone;2638;Counters. Co;124;+31164070589;DirSarah Vega
Polished Talking;Phone;74328;Tree. Corp;416;+74524850986;DirMatthew Mccall
Dying Requiring;PC;12531;Spin. LLC;629;+50667252210;DirNicholas Carter
Afterwards Allan;PC+Phone;44329;Newfoundland. LLC;512;+19430323644;DirLisa Schultz
Existing;Phone;52364;Difficulty. Inc;551;+35708777394;DirPeggy Robinson
Ee;PC+Phone;7188;Mem. Inc;736;+32432691245;DirMelanie Pham
Known;PC;94257;Platform. LLC;375;+53674107296;DirMatthew Davis
Cruise;PC+Phone;65119;Rr. Inc;89;+12256229647;DirJessica Carter
Cnn;Phone;62008;Rings. Co;838;+68078563913;DirWendy Fox
Contributed;Phone;86809;Business. LLC;438;+13077917098;DirSean Saunders
Flows;PC;92867;Patents. Ltd;182;+44118789620;DirChristina Le
Specifies;Phone;31793;Formerly. Corp;340;+12120472679;DirCody Perry
Node;PC;47383;Finished. Inc;503;+21060080057;DirIsaac Anderson MD
Hudson;PC+Phone;83515;University. Ltd;3;+25118362015;DirVeronica Ruiz
Rid;PC+Phone;74759;Chains. LLC;495;+76116833377;DirJason Garcia MD
Burning;PC+Phone;69813;Created. Co;486;+21188397982;DirNicole Boyd
Visa Nurse;PC;86318;Freeze. Co;289;+10055390266;DirJennifer Martinez
Va;PC+Phone;31367;Biblical. Inc;190;+67809333683;DirKenneth Diaz
Om;Phone;33725;Necessary. Inc;635;+63813148901;DirJordan Dominguez
Foster Estates;PC;73166;Postal. LLC;81;+26934576066;DirMichael Boyd
En;Phone;91929;Armenia. Inc;404;+77011167553;DirPhillip Carr
Advertising;PC;52392;Appointment. Co;913;+34480903019;DirLogan Adams
Vi;PC+Phone;4279;Incomplete. Corp;323;+31813016175;DirJames Stewart
Lucia;PC+Phone;56506;Admitted. Corp;134;+48248618189;DirShelly Reilly
Gulf Detail;PC+Phone;33037;Laptops. Corp;439;+40108737047;DirStephen Hendrix
Tv;PC+Phone;63434;Jeans. Inc;160;+46568534792;DirRobert Williams
Sides;PC+Phone;76580;Winter. LLC;528;+21275996590;DirLaura Dawson
Terrible Accessories;Phone;77939;Christmas. Co;940;+35913477796;DirZachary Owens
Van;PC+Phone;43542;Dog. Corp;793;+13334636381;DirJeffrey Ortega Jr.
Shoot;Phone;71790;Disaster. LLC;462;+40828327954;DirJeffrey Oliver DDS
Sprint;PC;70912;Duck. Co;5;+28506595308;DirBrian Gallagher
Nine;PC+Phone;62151;Dealers. Corp;875;+28455793820;DirDeanna Brennan MD
Media Fails;PC;18248;Recycling. Inc;833;+36217481663;DirAnthony Gonzalez
Row Allowance;PC+Phone;87242;Laptop. Corp;962;+31844728781;DirWilliam Jackson
Cassette Latitude;Phone;28976;Ukraine. Co;410;+10788702157;DirMrs. Connie Francis
Less;Phone;36966;Oxford. Inc;69;+57453037561;DirLee Ritter
Division;Phone;18092;Printable. Inc;170;+43035498756;DirRoger Diaz
Latter;PC+Phone;36743;Tiger. Inc;452;+24152965335;DirTammy Moses
Torture;PC;2902;Prison. Co;622;+79471226663;DirAlexander Doyle
Deeper;Phone;26945;Folk. Inc;982;+69801508870;DirSean Landry
Determines;PC+Phone;87177;Signs. Inc;664;+79430792095;DirRandy Conrad
Volvo Note;PC;13867;Compound. LLC;848;+40737699864;DirTyler Fernandez
Floating Singh;Phone;24128;Gulf. Ltd;277;+36598939719;DirCheryl Parker
Hill Erp;PC;66982;Whale. Co;412;+28084995535;DirMisty Bowen
Toddler;Phone;26948;Collective. Co;147;+15893695509;DirJoshua Cox
Circuits Newton;PC;98553;Venice. LLC;852;+66308526643;DirMartin Morales
Festival Chapel;PC+Phone;47368;Rock. Inc;805;+77884868063;DirKeith Russell
Flour;Phone;10936;Nottingham. Inc;246;+70593832095;DirAmanda Henderson
Save;PC+Phone;53149;Is. Ltd;669;+42119220507;DirLouis Reeves
Actors;PC;88571;Portland. Inc;36;+15354982523;DirVincent Booker III
Neither;Phone;83980;Swiss. Co;696;+68662586982;DirChristopher Cox
Fighters;PC+Phone;73075;Units. Ltd;383;+58672120223;DirHeather Hanson
Breed;PC+Phone;83761;Board. Ltd;574;+51172686671;DirChelsea Johnson
Handy Jewelry;PC;66012;Blind. Co;2;+32908286571;DirHarry Barton
Citysearch;PC;2414;Existing. Co;730;+36352849263;DirTimothy Thomas
Revision Outcome;Phone;56564;Actual. Inc;668;+53074731297;DirMiranda Villa
Rr;PC+Phone;92996;Card. Inc;253;+50429803980;DirAmy Diaz
Belong;PC;48650;Nextel. Corp;767;+20374136872;DirZachary Sellers
Tribe;PC;60527;Alter. Inc;867;+65076240306;DirDarlene Grant
Yale;PC;85925;Polar. Inc;22;+59438898254;DirTeresa Roach
Push;Phone;10977;Nova. Co;964;+55587730235;DirLisa Davis
Outline;Phone;12646;Extended. LLC;4;+79955438161;DirNicholas Stevens
Appeared;Phone;9666;Taylor. LLC;24;+71854329221;DirAngelica Johnson DVM
Versus Muscle;PC+Phone;79540;Berry. Co;196;+67228536242;DirTroy Leonard
Symbol;PC+Phone;69440;Toronto. Co;724;+78797830101;DirAlexander Brewer
Evil;Phone;6943;Radiation. Inc;569;+37895132521;DirChad Jensen
Ui;Phone;83457;Tablet. Ltd;723;+19575308839;DirNancy Jacobs
Mouth;PC;84470;Downloaded. Corp;643;+65651413555;DirChristopher Yu
Development;Phone;7740;Particle. Inc;611;+50612061261;DirJacob Foster
Saskatchewan Capabilities;PC;54353;Joke. LLC;274;+31894439443;DirErica Hoffman
Extend;PC;78427;Hoping. Corp;345;+27558814896;DirCarly Morris
Breeding;PC;49994;Commentary. Ltd;475;+34766640471;DirAmy Christian
Most;PC;65353;Enjoying. LLC;670;+69449522888;DirVanessa Bell
Ip;Phone;51417;Ecological. Inc;156;+41160219069;DirKaitlyn Stein
Down;PC;14766;Delaware. Ltd;890;+23944985735;DirJackson Ho
Refresh;PC+Phone;30567;Residential. LLC;209;+72473518172;DirJeff Bishop
Containing;Phone;13398;Participate. Inc;215;+68765464483;DirJoseph Farmer
Pleased;Phone;41614;Moral. Ltd;388;+26641854197;DirJohn Howard
Every;PC;16956;Ford. Inc;944;+45593438908;DirLaura Miles
Sail;PC;65272;Hazards. Inc;378;+22295663327;DirMichelle Pierce
Religions;Phone;36939;Crops. Inc;837;+59347551045;DirCarlos Gray
Chemistry Western;PC;77750;Barbara. Corp;637;+23938173513;DirLogan Collins
Machines Combining;PC;37311;Roots. Co;568;+65125796186;DirLisa Johnson
Traveling;PC+Phone;936;Wedding. Ltd;12;+56186024323;DirAmy Bryan
Crest;Phone;77759;Loaded. Ltd;606;+41955639248;DirSarah Davis
Advanced;Phone;87642;Avon. Co;722;+23119562538;DirKevin Lopez
Colleges Grain;Phone;87293;Tomato. Corp;345;+67078304843;DirRaymond Robbins
Chi Roberts;PC+Phone;28740;Wr. Ltd;439;+24404270195;DirNathaniel Stewart
Commercial Portsmouth;PC;57571;Madagascar. LLC;374;+45135692587;DirKristina Adams
Sign Keyboards;PC;62233;Safari. LLC;401;+45026241169;DirPaul Fox
Actor;PC+Phone;25658;Adds. Corp;924;+15321210656;DirKatherine Larson
Rico;PC;79889;Illustrations. LLC;704;+64196026186;DirKelly Romero
Syndication;PC;59839;Summaries. Corp;97;+69070572652;DirKarla Bowen
Resistance;PC+Phone;43179;Phrases. Co;370;+23694016267;DirErin Townsend
Tribune;Phone;38619;Reflection. LLC;518;+39668096720;DirDiana Williams
Environments;Phone;82623;Mx. Co;701;+77736584118;DirBetty Benson
Cabinets;Phone;90002;Farm. Co;591;+37175400475;DirKevin Saunders
Come;PC+Phone;41914;Hobbies. LLC;579;+34960581471;DirMarco Turner
Ringtone Confidentiality;PC;98260;Mechanics. Corp;827;+17711912869;DirDavid Burton
Democracy;Phone;57883;Realty. LLC;83;+36936826618;DirVicki Harris
Recorded Cover;Phone;41886;Eclipse. Inc;858;+44547594586;DirKara Frazier
Foot Examine;PC+Phone;67488;Articles. Inc;452;+65490502166;DirChristian Harrell
Bras Arnold;Phone;55346;Subsidiaries. Corp;827;+46588973360;DirCourtney Thomas
Nude;PC+Phone;15900;Ears. Ltd;130;+63131244663;DirJames Smith
Publicly;Phone;56945;Computational. Inc;69;+50886620768;DirMichael Rodriguez
Tub Endorsed;PC+Phone;931;Messenger. Inc;985;+11660447059;DirLauren Murray
Cube;Phone;31213;Formerly. Ltd;42;+36273960567;DirAngie Clarke
Paypal Hottest;PC;90415;Rhythm. Ltd;455;+38503712862;DirAaron Riddle
Estates Went;PC;84130;Figured. Co;653;+33298775548;DirTroy Oliver
Special;Phone;24279;Developmental. Co;753;+77102048361;DirMrs. Margaret Torres
Storm Brands;PC+Phone;76684;Lab. LLC;256;+73411281354;DirLinda Bell
Walt;PC+Phone;60303;Religious. Inc;913;+52215452615;DirJanet Patel
Solve Judges;PC;91517;Fewer. Inc;817;+52673565279;DirAndrea Hernandez
Pledge;Phone;93068;Painted. Corp;865;+38798691999;DirJulie Edwards
Uploaded;PC;40506;Appliance. Ltd;983;+30935324030;DirMark Barber
Taiwan;Phone;21225;Universities. Co;947;+62976710410;DirAlyssa Moore
Calculators;PC;67331;Consent. Ltd;260;+66295746682;DirAndrew Garcia
Pre Run;PC+Phone;7292;Ratios. Ltd;139;+54385629362;DirEmily Kline
Southwest Unemployment;PC;97112;Commodity. Co;548;+59383835829;DirAshley Duran
Font;Phone;50586;Bronze. Ltd;375;+51021448626;DirKaitlin Davis DDS
Replaced Winners;Phone;60010;Performance. Ltd;149;+25877420982;DirRyan Brewer
Guests Wordpress;PC;90217;Ho. Ltd;189;+21119383561;DirLeonard Washington Jr.
Muze Excluded;Phone;85562;Transsexual. LLC;249;+10685849084;DirJohn Knight
Confidence;Phone;38835;Stands. LLC;528;+54545753856;DirDr. James Woods MD
Debt;PC;40286;Pmc. Ltd;983;+74716328742;DirMrs. Sherri Shaw MD
Internship;Phone;86;Equal. LLC;332;+24988804354;DirJohn Martinez
Proposals;PC;1839;Switched. Ltd;883;+77849946173;DirSteven Deleon
Indians Incredible;PC;42285;Two. Co;732;+58313261472;DirValerie James
Bi;PC;60076;Diego. Ltd;379;+64369051390;DirSarah Henry
Drink;Phone;46430;Million. Corp;8;+79535760288;DirAngel Mason
Resort;PC+Phone;27372;Minds. Ltd;495;+46643128209;DirErika Perez
Bk Une;PC+Phone;18722;Christ. LLC;990;+17081677842;DirDawn Garcia
Pepper;Phone;88212;Receptors. Ltd;404;+61647481151;DirStacey Hughes
Edges;Phone;78990;Violent. Corp;812;+68682130667;DirJorge Mosley
Weed Please;Phone;70815;Detective. Inc;530;+73213956811;DirLauren Sampson
Glance;Phone;67068;Queue. LLC;756;+66866981447;DirMonica Davis
Instructors Modern;PC;74377;Drink. Inc;40;+61029236414;DirMisty Johnson
Dos;Phone;37944;Tool. Inc;985;+10064431100;DirWilliam Carroll
Murphy;PC+Phone;31278;Snap. Corp;843;+60195638857;DirJohn Griffin
Release;Phone;85932;Dragon. Co;514;+73534829927;DirMark Rhodes
Comparing Laptops;PC;38099;History. Ltd;115;+29109617168;DirKyle Taylor DDS
Terminology Were;PC;38336;Waiting. Corp;975;+38460421529;DirScott Rios
Upload Against;PC+Phone;39273;Ban. Ltd;996;+18491146458;DirOmar Miller
Represent;Phone;49037;Comparing. LLC;63;+18588505147;DirColleen Glass
Toddler;PC+Phone;19978;Liverpool. Inc;412;+71829626135;DirTrevor Howell
Family;PC;6039;C. Corp;343;+75514095029;DirAnnette Short
Witnesses;Phone;51924;Arrive. Inc;8;+23849025867;DirKelly Hill
Aa Integrate;PC;71725;Policies. Inc;623;+77103508725;DirDavid Owens
Agricultural Pros;PC+Phone;33655;Urls. LLC;218;+35400992607;DirJeff Cunningham
Cord Luke;Phone;44924;Settlement. Ltd;518;+15069043981;DirAmanda Williams
Organizer;PC+Phone;1649;Journalists. LLC;763;+41343571884;DirDylan Noble
Sunset;PC+Phone;30459;Va. Corp;6;+66038869556;DirStephanie Abbott
Referred;PC+Phone;44455;Appearing. LLC;172;+53614662399;DirTyler Duncan
Burning;Phone;34283;Isle. Ltd;719;+32126132104;DirMaria Carson
Planes;PC;68479;Sized. Inc;128;+56890408437;DirAlan Simpson
Trailers;PC;47013;Plugins. Inc;17;+15377643042;DirJonathon Phillips
Diagram;Phone;56613;Relationships. Inc;274;+60383142579;DirMichael Bowman
Quilt;Phone;40303;Cumshot. LLC;181;+71357257016;DirMr. Eric Lane
Folders;PC+Phone;17399;Includes. Inc;519;+18330586275;DirJames Hernandez
Dependence;PC+Phone;63755;Subscriptions. Ltd;271;+76416560615;DirAndrea Harper
Matthew;Phone;25468;Dakota. Inc;340;+42564150660;DirAndrea Maynard
Saudi;Phone;76491;Objectives. LLC;600;+53277945783;DirMichael Moore
Min Dialog;Phone;78566;Rio. Corp;169;+77265088321;DirAlexander Willis
Kenya Aggregate;Phone;23204;Davis. Inc;950;+50694422300;DirMike Ruiz
Attach;Phone;59576;Inside. Co;751;+26545342227;DirJennifer Quinn
Jungle Fatal;PC;21993;Officers. Inc;333;+17416429894;DirShane Crawford
Charm Peace;PC+Phone;58623;Models. Co;665;+65140950441;DirMr. Dylan Watkins
Present;PC;51537;Casino. Ltd;781;+59578523284;DirAndrea Miller
Palestinian;Phone;81843;Cite. Co;993;+58548467095;DirCarol Meza
Duty;PC+Phone;76778;Verify. LLC;179;+56020398239;DirMelissa Davidson
Wm;Phone;14580;Old. Inc;432;+29421948904;DirKevin Jackson
Cunt;PC+Phone;48047;Efficient. Inc;467;+78827512190;DirJamie Cordova
Doing Knit;PC;28381;Smtp. LLC;716;+38031726301;DirRyan Becker
Winners Equations;PC;34272;Tests. Corp;206;+35349108667;DirRaymond Hunter
Symphony;PC+Phone;13979;Ipaq. Ltd;748;+47644969778;DirHeidi Robinson
Je Westminster;PC;37724;Attacked. Ltd;206;+65873988882;DirDaniel Simmons
Sg Emily;PC;36133;Pi. LLC;799;+58519035079;DirJason Sanchez
Inch;PC;32017;Printable. Inc;785;+74476340972;DirApril Blake
Ball;Phone;76284;Sv. LLC;964;+44381702329;DirKristopher Hamilton
Nights Determination;PC+Phone;81944;Wolf. Ltd;612;+39584119832;DirEmily Gonzales
Ra Remember;PC;23675;Ld. Inc;302;+12299767245;DirNicholas Day
Noise Soc;Phone;1931;Unified. LLC;388;+20967010122;DirSamantha Chen
Repository;Phone;20272;Honey. Ltd;485;+17083048010;DirLisa Rodriguez
Trading;PC+Phone;11832;Ordinance. Ltd;965;+59302443151;DirTeresa Reyes
Complement Jr;PC+Phone;30786;Operating. LLC;375;+24593350851;DirLeah Allen
Divx Cholesterol;PC;7789;Partnerships. LLC;729;+50909544223;DirMegan King
Trunk;PC+Phone;12713;Closely. LLC;186;+19225432622;DirRyan Luna
Wide;PC+Phone;2020;Flight. Co;411;+24809395427;DirKurt Crane
Verde;PC+Phone;93658;Stage. Inc;496;+68595625316;DirLeslie Kim
Succeed;PC;94187;Known. Ltd;55;+22940145297;DirKaren Anderson
Hh;PC+Phone;40268;Angry. Corp;988;+64578181226;DirDawn Bishop
Vid Reviewed;PC;5069;Batch. Ltd;74;+14209266184;DirCathy Johnson
Diary;PC;87789;Branch. Inc;894;+47235025050;DirLisa Moreno
Mouse;PC+Phone;14987;Bunch. Corp;634;+39077215239;DirJay Thompson
Collectible;PC+Phone;64050;Ko. Co;826;+18651446968;DirGregory Sutton
Developed Virus;Phone;13340;Groups. Inc;80;+18074833900;DirEric Allen
Properties Textbooks;Phone;11740;Sort. Co;838;+54100640005;DirColin Hines
Prof Assigned;Phone;89101;Ob. Inc;480;+15923922945;DirDustin Kirk
Confidence Opens;PC+Phone;90577;Novel. Ltd;638;+63853556951;DirCarl Duncan
Charter;PC+Phone;86011;Drugs. LLC;856;+54617809527;DirCorey Landry
Turning Barcelona;PC+Phone;8938;Preview. LLC;682;+38928679241;DirHayley Carter
Endif;PC+Phone;99304;Conviction. Co;985;+51952748479;DirRobin Lopez
Wedding Austria;PC+Phone;22870;Petroleum. Corp;599;+10558160581;DirChristopher Hart
Divorce;PC;68929;Ddr. LLC;864;+55875626389;DirRichard Barr
Saints;Phone;51931;Sapphire. Ltd;179;+42591876121;DirGary Carroll
Cam;Phone;20202;Fur. LLC;420;+17535978310;DirBrittany Wright
Acer;PC;74232;Northwest. Co;756;+28161070874;DirTimothy Sparks
Midnight;PC;10400;Recorded. Ltd;808;+12925812554;DirBrooke Williams
Los Amazoncom;PC+Phone;82985;Plenty. Ltd;520;+42110378825;DirTami Lewis
Peninsula;PC;15228;Responsibilities. Ltd;618;+16540902634;DirSteven Butler
Dates Considerations;PC+Phone;65137;Battery. LLC;464;+27718263931;DirErin Hendricks
Cock;PC+Phone;29535;Driven. Inc;168;+65297458086;DirJason Sawyer
Storage Satellite;PC+Phone;86423;Complete. Corp;408;+64301702967;DirCaleb May
Joint;PC+Phone;42919;Cents. Ltd;435;+61224726899;DirMr. Spencer Anderson
Greene;PC+Phone;34433;Ladies. Ltd;161;+67732347300;DirDiana Zhang
Laughing Rebecca;Phone;15280;Perry. LLC;597;+68998611186;DirJessica Johnson
Regional;PC;72595;Threats. Inc;673;+50107657944;DirGerald Hall
Involves;Phone;29106;Italia. Ltd;288;+49455710605;DirHeather Noble
Highlights Dr;Phone;8798;Pope. Corp;814;+16807001502;DirCory Carey
Phenomenon;PC+Phone;61584;Dress. LLC;22;+12010796973;DirNatasha Pugh
Event;Phone;19766;Webshots. LLC;207;+20200646928;DirMalik Farmer
Taken Legislature;Phone;67517;Course. Corp;485;+42394776568;DirMark Reynolds
Computing;PC;87468;Pointing. Co;199;+78613716060;DirAaron Jackson
Emissions;Phone;47693;Authorization. Inc;50;+71035680127;DirJerry Anderson
Yarn Changing;PC;67435;Machinery. LLC;180;+13608720646;DirMolly Wright
Terrace;Phone;12109;Asp. Inc;735;+73591380393;DirChristopher Randolph
Organizer;Phone;4201;Spice. Corp;712;+58702256564;DirVictoria Freeman
Pavilion Beats;PC+Phone;38400;Mar. LLC;881;+68000685450;DirLisa Simpson
Overview Cst;Phone;70115;Keys. Inc;202;+35063118651;DirVirginia Mann
Tower;Phone;33343;Drums. Co;196;+18740657721;DirChristopher Jones
Mas Consult;Phone;20256;Outputs. Co;700;+49383303159;DirBrandon Walter
Utility Apply;PC;77429;Proceeding. Corp;40;+32855707895;DirJames Pace
Q Livecam;PC+Phone;7359;Mattress. Ltd;892;+48492482809;DirEileen Williams
Attended;PC;73207;Deals. Ltd;419;+41670827484;DirTanner Shea
Nights Cheats;PC+Phone;73990;Alarm. Co;680;+54842348356;DirBrian Armstrong
Protein;PC+Phone;39067;Shades. Corp;450;+59253959188;DirPatricia Lee
Aquarium;PC;38985;Beautifully. LLC;217;+59639919211;DirTheresa Curtis
Oecd;PC;40714;Networks. Corp;280;+52452483518;DirAmber Carpenter
Peripheral Nigeria;PC;6944;Wayne. Inc;442;+62136233371;DirBrian Dennis
Pack;Phone;33073;Diameter. LLC;521;+77307340253;DirAmber Maldonado
Suffer Mode;Phone;9151;Remember. Corp;367;+26603454666;DirDonna Johnson
Anonymous Actions;Phone;46842;Convert. Inc;244;+10622148677;DirMr. Dakota Montoya MD
Population Accessory;PC;51342;Says. Inc;116;+67916463243;DirJeffrey Krause MD
Adults;Phone;75018;Low. Co;423;+46969181776;DirHolly Gonzalez
Instruments Bizarre;Phone;85426;Resort. Ltd;964;+48900796815;DirCatherine Barrett
Visual Allergy;Phone;1241;Below. Ltd;180;+60125029898;DirGary Hill
Concern Vacuum;PC+Phone;37217;Milfs. Ltd;489;+22465539136;DirMrs. Laurie Burgess
P Shortcuts;PC+Phone;12725;Immunology. Inc;404;+55908059858;DirAnne Brown
Minister;PC;91731;Martial. Inc;518;+61588010613;DirJennifer Dodson
Acdbentity;Phone;96488;Rn. Inc;76;+13001885207;DirLisa Kidd
Realtor;PC+Phone;36740;Anime. Inc;813;+69549730428;DirCody Hendricks
Seminars;PC+Phone;48752;Guarantee. Inc;71;+44952479409;DirElizabeth Knight
Sellers;PC+Phone;36867;Seasonal. Corp;661;+65242813715;DirSteven Johnson
Cattle Batch;PC;55399;Adrian. Corp;352;+68868373096;DirSamuel Stokes
Foster Tranny;Phone;87868;Reconstruction. LLC;321;+55624401181;DirTracy Calderon
Colleagues;Phone;4152;Nutrition. Ltd;447;+62878702176;DirWilliam Taylor
Sectors;PC;36363;Soonest. LLC;748;+28888407838;DirJacob Thomas
Confidential Falling;Phone;59115;Orders. Corp;506;+18845253472;DirRichard Payne
Extent;PC+Phone;31254;Watched. Corp;499;+28049688177;DirAlexis Keith
Players;PC;94544;Recommend. Co;983;+35508162155;DirAaron Chapman
Kill Passing;PC+Phone;59923;Stores. LLC;779;+26613732122;DirAdam Beasley
Contributions Ep;PC+Phone;55625;Enabled. Co;936;+48158753078;DirSara Brewer
Technique Feeds;PC+Phone;48131;Amenities. Inc;147;+13147820971;DirPatricia Morales
Hide Threat;Phone;80376;Tried. Corp;940;+32452258209;DirMolly Lin
Disc;Phone;23231;Robin. LLC;851;+27723441160;DirAmy Brown
Lease Mandate;PC+Phone;63149;Lucky. LLC;700;+41897636839;DirAngela Hughes
Safety Ensures;PC+Phone;38813;Leg. LLC;774;+16393324680;DirGary Phillips
Blacks;PC;99964;Copyrights. Corp;137;+60641600338;DirKathleen Todd
Evaluation;Phone;36346;Hints. LLC;232;+67697364432;DirKatherine Torres
Clean Yemen;PC+Phone;58335;Alpine. Co;13;+77267659241;DirLucas Johnson
Chat;PC+Phone;55146;Spirituality. Ltd;570;+52732937428;DirAnthony Abbott
Temporary;Phone;88618;Mat. Ltd;406;+39644096050;DirNicholas Hobbs
Bb Sunday;Phone;44208;Killer. Corp;892;+78673965139;DirDaniel Duncan
Hell;PC;72880;Treo. Corp;166;+39069053884;DirJames Carrillo
Limitations;Phone;12048;Terry. Ltd;704;+44969705489;DirJason Marshall
Grow Encourages;PC;62033;Frog. Inc;673;+11366933074;DirKristen Mccarthy
Restrictions Harm;PC+Phone;88354;Govt. LLC;410;+29878043546;DirBrent Lee
Hang;PC+Phone;35547;Proceed. Co;503;+64249659935;DirBrenda King
Jokes Calm;PC;32955;Education. Co;861;+15805137281;DirAshley Brown
Builders;PC;11596;Million. Corp;246;+34193484305;DirDaniel Orr
St;PC;82463;Italic. Corp;360;+71683025218;DirJane Campos
Essay Blue;PC;11860;Charity. Ltd;800;+73996484840;DirKiara Glover
Mod;Phone;43308;Hunt. Inc;599;+42878255138;DirPaul Koch
Begin;Phone;63866;Lookup. Corp;287;+42695911585;DirJudith Meyers
Roller;PC+Phone;24988;Shoot. Ltd;264;+56846683810;DirNicholas Price
Ordinance;PC+Phone;60626;Proven. LLC;91;+76218482260;DirPaul Baker
Experiencing Advisor;PC+Phone;72579;Triumph. Inc;897;+71400779566;DirShawn Huang
Sonic;Phone;89205;Columbia. LLC;253;+38623564480;DirJustin Deleon
Ind Looked;PC;40083;Rio. Corp;151;+70508046399;DirNatasha Rogers
Era;PC+Phone;89183;Societies. Co;713;+64457907953;DirKelly Webb
Succeed Squirt;PC+Phone;50645;Residence. Corp;614;+22005926220;DirJack Smith
Designs;Phone;65885;Conjunction. Co;837;+36866394812;DirAmy Kelly
Personalized;Phone;26029;Absorption. LLC;901;+73420093531;DirDillon Sullivan
Scsi;Phone;8532;Form. Inc;190;+50239511778;DirJason Gomez
Participants;PC+Phone;74186;Accidents. Ltd;48;+29521826437;DirVeronica Owens
Botswana;Phone;44110;Samples. Ltd;145;+15460986927;DirAngela Jordan
Values Automatic;PC+Phone;53693;Person. Co;725;+77269580750;DirJake Watkins
Degrees;Phone;33085;Organisations. LLC;554;+49855553744;DirMichael Schwartz
Encoding;PC+Phone;37542;Apply. Inc;827;+23046347317;DirRuth Gray
Currencies;Phone;22493;Techno. Ltd;722;+72131958940;DirJeffrey Atkins
Infections;PC;24088;Timer. Ltd;762;+52912834481;DirMarvin Soto
Contracting;PC+Phone;88445;Afford. Corp;61;+29017093438;DirAndrew Cervantes
Wn;PC;87615;Chris. Inc;503;+48906944871;DirBryan Patterson
Examples Donate;PC+Phone;86985;Train. Corp;166;+57907238796;DirWillie Price
Radical;PC;83157;Tub. Co;242;+54149074611;DirKeith Williams
Beings;Phone;3498;Fatty. Ltd;995;+54591962678;DirJames Walton
Pg;PC+Phone;93449;Frozen. LLC;965;+68865440158;DirMelissa Howard
User;PC+Phone;45724;Strike. Ltd;420;+34783032704;DirErica Jennings
Radios District;PC+Phone;43939;Backup. Corp;574;+60708586152;DirLisa Norman
Dealer Friends;Phone;6147;Relating. Corp;407;+55293905841;DirRonald Lloyd
Ensuring;Phone;19176;Painting. Co;435;+56781534635;DirLisa Morales
Burner Denied;PC+Phone;30731;Insurance. Co;794;+60127012082;DirGarrett Moore
Kiss Io;Phone;91224;Reaches. Inc;555;+58216227667;DirBrian Reilly
Incentives Renew;PC+Phone;47664;Anchor. Corp;356;+66993898713;DirJessica Olson
College;PC+Phone;58551;Swing. Ltd;281;+70760473814;DirRobert Ortega
Images;PC;99283;Macro. LLC;900;+37532932274;DirJohn Smith
Belt;Phone;44966;Experts. Co;900;+45881201199;DirDavid Leblanc
Cartoons Henderson;PC;36930;Help. LLC;517;+10984526907;DirLarry Myers
Birds Sometimes;PC;32393;Screen. Co;252;+73474721986;DirKyle Acevedo
Politicians;Phone;86965;Memphis. Corp;523;+72556867380;DirJudith Williams
Panic Convergence;Phone;25717;Defence. Inc;597;+29729878790;DirDerrick Silva
Trademark;PC+Phone;41618;Mathematical. Corp;906;+75596494715;DirDaniel Stevens
Regularly Fp;Phone;89925;Chronicle. Co;932;+24065182182;DirMaxwell Conley
Gilbert;PC;25640;Carlo. Inc;829;+45263766295;DirMelissa Robinson
Labour;Phone;90265;Invitations. LLC;483;+38920455204;DirBrady Ray
Purchased;Phone;17425;Floors. Corp;446;+38887100078;DirMelanie Lowe
Nike Investigators;PC+Phone;40331;Midnight. Corp;152;+78361970920;DirRobert Miles
Admissions Quantities;Phone;54073;Hull. Corp;520;+41352707886;DirHannah Green
Nasty;PC+Phone;79403;Handhelds. Corp;506;+34863952080;DirTyler Silva
Asin;Phone;65888;Such. Inc;860;+35485115242;DirTravis Baldwin
Scholars;PC+Phone;65909;Observe. Corp;852;+69763428211;DirRalph Tapia
Reform Utah;Phone;75920;Waiver. Ltd;298;+72480285629;DirAlexander Sanders
Following Nightlife;PC;92157;Pacific. Corp;469;+29862586493;DirEric Chavez
Complete;PC;59838;Looksmart. Ltd;89;+33927088552;DirTimothy Delgado
Grande;PC+Phone;83728;X. Inc;988;+49311935629;DirCindy Jacobs
Gain;PC+Phone;36533;Documented. Ltd;390;+46133853711;DirMichael Gill
Restoration;PC;89274;Senators. Ltd;43;+57603762294;DirDr. Jasmine Williams DVM
Amend;PC+Phone;37469;Das. Inc;994;+68796871304;DirBrandon Edwards
Amplifier;PC+Phone;1110;Clouds. Ltd;265;+22444667555;DirJames Martinez
Phrase;PC;55553;Performances. Co;714;+21140566284;DirJenna Barnes
C;PC;29576;Permanent. LLC;646;+42807281104;DirDestiny Evans
British;PC;39651;Story. Corp;15;+39965500512;DirRandy Jones
Rehabilitation;PC;27455;Tiffany. Co;747;+75067260617;DirLori Nichols
Kent;PC;66930;Albums. Co;308;+25670541001;DirJohn Gonzales
Frequent Tones;Phone;8601;Deserve. Corp;225;+69894199687;DirAmber Rice
Xml;Phone;37590;Electrical. LLC;827;+17421284059;DirAndrew Mcbride MD
Utilities;PC;13226;Anna. LLC;560;+34477953356;DirTina Brennan
Buying;PC+Phone;48212;Ericsson. Ltd;7;+34454332664;DirSavannah Rosales
Adaptive;PC;49903;Combining. LLC;998;+13248203253;DirChristine Gibson
Hepatitis Ea;PC+Phone;26534;Acid. Co;723;+14731871314;DirKevin Joseph
Improving;PC;87607;Bond. Co;249;+58110963102;DirKathryn Walsh
Trim Stated;Phone;8195;Voted. Inc;734;+67014305101;DirDana Anderson
Therapist;PC+Phone;98754;Occupied. Inc;476;+42446408715;DirJustin Harris
Buck;Phone;82885;Skirt. LLC;901;+39345253707;DirShannon Reilly
M Precision;Phone;73908;Margin. Inc;217;+50287932392;DirRicky Garrett
Cylinder;PC+Phone;92404;Dependent. LLC;775;+55627816940;DirJacqueline Thomas
Talent;Phone;71923;Echo. Inc;788;+16088838212;DirMichael Harmon
Vietnamese;PC+Phone;93110;Told. Co;159;+71819205227;DirKimberly Parsons
Hudson;PC+Phone;96003;Energy. LLC;824;+59349459374;DirMaria Krause
Sometimes;PC;81434;Stud. Co;844;+11377815896;DirJames Warren
Assembly;Phone;11486;Existing. Ltd;367;+50212914034;DirAllen Payne
Encouraging;PC+Phone;42450;Degrees. LLC;143;+51789910521;DirAmber Frye
Committees Israeli;PC;6485;Shift. Corp;178;+56098676587;DirJeffrey Gentry
Expected;PC;54364;Corp. Co;556;+13787799754;DirMrs. Wendy Martin
Application;PC;68144;Porter. Corp;438;+58545961653;DirJanet Robinson
Dana;Phone;67909;Brown. Ltd;322;+22208231337;DirDestiny Smith
Failed;PC;97565;Sake. Corp;155;+69036641796;DirJonathan Dixon
Services Welfare;Phone;17241;Execution. Co;19;+28279147210;DirGavin Baker MD
Foo;PC+Phone;10104;Sciences. Ltd;260;+44922733482;DirBrad Carr
Ty;Phone;83463;Ascii. Ltd;413;+68807398559;DirPeter Williams
Somalia Chapter;Phone;94312;Fast. Inc;428;+63798351505;DirKim Clark
Dip;PC;62392;Different. Co;856;+50951105385;DirMadison Graves
Bedrooms;PC;17470;Exhaust. Co;951;+40909024880;DirSusan Fletcher
Ages;Phone;78351;Mozambique. Corp;778;+20962727992;DirJohn Martinez
Cardiff Alan;Phone;75599;Adapted. LLC;173;+75539662798;DirBrian Sullivan
Offense;Phone;42417;Reuters. Corp;942;+33536361487;DirCynthia Fox
Strategic;PC+Phone;94248;Mistakes. Inc;345;+15445451315;DirJennifer Smith
Tail;PC+Phone;82898;Ignored. LLC;519;+71948859455;DirLinda Knight
Blow;Phone;95466;Barbara. LLC;921;+40513951294;DirCharles Jones
World;PC;29648;Valve. Co;272;+47838952793;DirRobert Greer
Committee;PC;69764;Mercy. Ltd;143;+44178852422;DirJesus Holmes
Redhead;Phone;13246;Paintball. Inc;632;+38685808607;DirJenna Ponce
Martin;PC+Phone;27384;Polls. Corp;991;+66053115969;DirJohn Ayala
Miller Luis;Phone;80905;Ts. LLC;680;+12848839068;DirRobyn Rowe
Pursue Elements;Phone;25729;Evaluate. Ltd;863;+39704252621;DirJennifer Harris
Literary;PC;29216;Rss. Corp;599;+51636414277;DirJoanna Wood
Instrument;PC+Phone;26074;Grad. Ltd;167;+19890749613;DirJennifer Berry
Window;PC;72813;Specifics. LLC;532;+25913303409;DirJames Carroll
Prof;Phone;42884;Harris. Ltd;881;+53106160272;DirJohn Kelly
Hu;PC;30276;Portion. LLC;180;+66255784349;DirKevin Scott
Pillow Intro;PC;12984;Elephant. Co;454;+73331767748;DirJulia Fuller
Headers Specific;PC;74296;Details. LLC;265;+40113455160;DirRodney Ortiz
Dare Qty;PC;59506;Aimed. Inc;824;+31753888961;DirMr. Kyle Jones
Muslim;Phone;86679;Financing. Inc;718;+78332953127;DirTimothy Taylor
Drinks Arabic;PC+Phone;19558;Today. Co;515;+75269337807;DirJoseph Young
Cumulative;PC+Phone;64797;Tricks. Co;662;+55811846167;DirJohn Meza
Tex;PC+Phone;87095;Foul. Corp;830;+61892680748;DirDr. Danielle Myers
Sewing;Phone;24306;Participated. Ltd;309;+57816689369;DirJerry Martin
Plasma;PC;8512;Advocacy. Corp;777;+48504230366;DirAlexis Avila
Denial;Phone;22357;Topic. Inc;395;+64757188546;DirJohn Hernandez
Reporters;PC;58830;Eg. Corp;50;+11854184404;DirCody Lang
Indication Inherited;Phone;38228;Essential. Inc;474;+69993472453;DirMonica Miller
Performance;PC;44569;Cannon. Inc;345;+39108912520;DirLinda Foster
Lewis;PC;44042;Link. Inc;787;+17901011048;DirJennifer Cole
Practical;Phone;8748;Prove. LLC;528;+14153432370;DirAnthony Rogers
Portable;PC;47293;Loss. Co;359;+21123587966;DirJeffrey Hicks Jr.
Prefers;Phone;6984;Dsl. LLC;681;+10695498182;DirRobin Simmons
Importantly;PC+Phone;25923;Afternoon. Inc;879;+15711020849;DirCharles Gray
Modern;PC;15335;Forestry. Ltd;986;+59693329901;DirJustin Strickland
Saturday Residence;Phone;88821;Technologies. Ltd;780;+59617499198;DirFrancisco Brown
Cocks;Phone;2612;Rock. Co;922;+62783717594;DirJohn Williamson
Blogger;Phone;70658;Bbc. Inc;77;+71207112106;DirShane Garcia
Erotica;PC+Phone;10749;Hip. Corp;776;+27692552248;DirMichael Evans
Announced Royal;Phone;5964;Nor. Ltd;828;+47488961636;DirRichard White
Tomorrow;Phone;9260;Servers. Co;228;+18472863881;DirDonna Phillips
Argentina Done;Phone;70272;Admissions. Co;241;+79379469843;DirMegan Marks
Adopt Large;Phone;81002;Attachments. LLC;71;+14536932949;DirJermaine Valenzuela
Jordan;Phone;82660;Jewish. Co;451;+55740831416;DirPatricia Bass
Metric Making;Phone;894;Neon. Inc;802;+41309978091;DirMatthew Moore
Blowjob;Phone;69031;Details. Corp;794;+39407897392;DirDavid Fisher
Urge;PC;10867;Political. Ltd;856;+27873338692;DirTeresa Carter
Ee;PC+Phone;21864;Means. Corp;992;+75797844243;DirDaniel Holland
Gazette Indicates;PC+Phone;30750;Mas. Co;461;+29744315734;DirAmber Wiggins
Default;Phone;74721;Send. Ltd;139;+42389165878;DirDeborah Smith
Bacon Solaris;Phone;68527;Thank. Ltd;326;+54688717864;DirBrad Johnson
Swap;Phone;1979;Sweet. Inc;116;+49070176506;DirMichelle Martin
Charged;Phone;71456;Outlined. Inc;951;+15014260748;DirMark Dawson
Ver Mariah;PC+Phone;26722;Blogging. LLC;956;+44905262546;DirNicholas Meyer
Wu;PC+Phone;58200;Dicke. Corp;804;+12324609882;DirRichard Barnes
Winning;PC;9861;Pupils. Inc;800;+59624943549;DirJames Jones
Reserve;PC+Phone;7223;Firm. LLC;348;+35308915410;DirJohn Cain
Nashville;PC+Phone;54693;Reid. Inc;231;+31217148323;DirKathleen Cole
Uruguay;Phone;97826;Boxing. Ltd;921;+62676765051;DirJason Rogers
Ne;PC+Phone;63099;Glen. Inc;90;+56134768785;DirTimothy Smith
Houses;Phone;41517;Situated. Ltd;727;+42497655569;DirKeith Brady
Appears;Phone;10042;Existing. Ltd;854;+37270672729;DirChristopher Carson
Toddler Increased;PC;78352;Sep. Corp;226;+77131656508;DirKathryn Simpson
Rip;Phone;62012;Top. Inc;143;+48928657634;DirRichard Chavez
Logos;PC+Phone;77384;Sophisticated. Ltd;846;+21442131374;DirJohn Jensen
Voluntary;PC;76534;Submitted. LLC;10;+71644929691;DirJessica Smith
Amazoncom;Phone;75101;Rainbow. Inc;892;+34403675486;DirTina Chavez
Recycling Culture;PC+Phone;65778;Compound. Inc;214;+14520236659;DirDean White
Geological Consequently;Phone;8733;Museums. Ltd;597;+37291749236;DirMelanie Fields
Elvis Affairs;PC+Phone;62561;Promoted. LLC;896;+72104803144;DirMichael Thomas
Hunting;Phone;10543;Los. Co;875;+78698811140;DirMeghan Collins
Spin;Phone;56960;Pr. LLC;601;+67829368197;DirSara Hernandez
Navy Hash;PC;92044;Sells. Ltd;620;+29781558749;DirMark James
Jeremy;PC+Phone;6381;Every. Ltd;682;+38491539147;DirMakayla Cook
Disciplinary Andale;PC+Phone;26771;Ws. Ltd;808;+41336045120;DirNatasha Ortiz
Burst;Phone;12807;Teach. Ltd;263;+43927855231;DirSara Nelson
Purchase;PC;27634;Healing. Ltd;144;+42058698485;DirLaurie Davis
Entries Medications;Phone;69704;Mph. Corp;697;+38872063198;DirJessica Thompson
Sense;PC;55587;Motherboard. Co;544;+18286075198;DirLinda Smith
Picks;Phone;12211;Rejected. Co;450;+45716801084;DirMichael Davis
Debian;Phone;35292;Om. LLC;537;+67243389516;DirAlexander Miller
Shaw;Phone;41232;Cn. LLC;955;+77074340720;DirMatthew Choi
Generation;PC+Phone;65156;Buyers. Inc;609;+18002095067;DirAngela Wood
Payment;PC;98951;Impose. LLC;262;+64808917597;DirErica Horn
Break;PC+Phone;99491;Package. Inc;244;+66362576489;DirJohnathan Jackson
Sequence Technician;PC+Phone;39683;Growing. Ltd;554;+54972391362;DirSamantha Miller
Summary;Phone;32594;Seal. LLC;438;+36342419810;DirErin Gilmore
Downloadable;PC;28090;Buzz. Ltd;302;+56605554245;DirDavid Gilbert
Repeated;PC;43187;Competition. Inc;429;+52742897741;DirDiane Little
Belong Practical;Phone;48191;Hits. LLC;677;+72216994341;DirMatthew Phelps
File;PC+Phone;35140;Order. Co;162;+65146238412;DirKaren Lee
Whilst Uruguay;Phone;176;Mat. Inc;965;+22483513755;DirHannah Lowery
Andrews;PC;9271;Unlike. Corp;119;+51611427380;DirKatie Phelps
Began;PC;76815;Atm. Ltd;961;+45447679019;DirDonald Simmons
Contains;Phone;88080;Genuine. Co;477;+37677421225;DirShawn Clark
Buttons;PC+Phone;23553;Specific. Co;916;+68050232453;DirGene King
Analog;Phone;94465;Trance. LLC;364;+19827090726;DirBrian Davis
Zu;PC+Phone;11966;Fish. LLC;321;+74878805793;DirMorgan Roberts
Athletes Rid;Phone;39771;Halloween. Ltd;78;+30378722232;DirBrandy Holloway
Nevada Jonathan;PC;79144;Do. Corp;775;+26925129974;DirJames Richardson
Cams;Phone;26016;Translations. Ltd;207;+74703469556;DirLarry Chapman
France Modes;PC;44796;Eau. Co;218;+74739386421;DirGloria Morton
Ranging;PC;49241;Consistent. LLC;289;+37308439647;DirAmy Johnson
Antibody;PC+Phone;34101;Void. Ltd;563;+59762163333;DirElizabeth Ortega
Gen;Phone;44446;Sets. Corp;763;+39282166388;DirCarrie Watts
Drove;PC;57288;Downloadable. Co;625;+45891948228;DirAshley Davis
Mel;PC;19624;Our. Inc;639;+35159866262;DirKimberly White
Id;PC+Phone;84285;Months. Ltd;340;+45736075455;DirJustin Collier
Decisions Promising;PC;18919;Dangerous. Co;151;+74292774004;DirHeather Sanchez
Wx;PC+Phone;53052;Decades. LLC;685;+25166337474;DirMolly Elliott
Pensions Juvenile;Phone;88101;Bailey. Inc;192;+61838405277;DirJose Lopez
Wrestling Ob;Phone;24161;Doing. Corp;424;+50390322421;DirKristi Jackson
Antibodies;PC;98611;Harassment. Ltd;958;+13879084501;DirJerry Stone
Temp Yahoo;Phone;55674;Eventually. LLC;855;+14956371371;DirCheryl Chan
Individually;PC;31691;Programmes. Corp;210;+31739551112;DirEric Allen
Helping;PC+Phone;696;Verified. Co;972;+74175546098;DirDavid Brooks
Switzerland;PC;91105;Cumulative. Ltd;858;+38732151569;DirAnna Williams
Surround Bikes;PC+Phone;64619;Probably. LLC;690;+68158840126;DirEmily Ferguson
Security;Phone;9088;Metadata. Co;928;+64829307335;DirRicky Perez
Darwin;Phone;96723;Ferrari. Inc;221;+41192099507;DirDavid Robbins
Clause;Phone;9496;Use. LLC;424;+43223907431;DirValerie Anderson
Mix;Phone;17705;Courses. Co;110;+18460238539;DirKari Rodriguez
Cached;Phone;53826;Lace. Corp;511;+47272339048;DirRobin Wong
Mariah;PC+Phone;94559;Bomb. Ltd;682;+62132086052;DirKathleen Graves
Trader Tub;PC;16481;Lifestyle. Co;496;+22807822003;DirKristopher Garcia
Exhaust;PC;44769;Internal. LLC;927;+45858595078;DirCarolyn Waters
Cameroon;Phone;28128;Pursue. LLC;476;+79318012854;DirRobert Hernandez
Could;PC;45324;Radar. Inc;856;+56568283064;DirVeronica Dawson
Highs;PC;82717;Expires. Corp;687;+12345787686;DirTammy Santiago
Ds Apache;PC+Phone;17805;Turned. Inc;896;+27641565370;DirNicole Nichols
Invalid Were;PC+Phone;57454;Aus. LLC;267;+30317780818;DirHaley Robinson
Representatives Entertaining;PC+Phone;28232;Sv. Ltd;316;+42075378731;DirBrittany Hansen
Licensing;PC+Phone;24889;Prescribed. Co;598;+28045946491;DirTonya Myers
Potter Orbit;Phone;17235;Appreciated. LLC;314;+31927236085;DirCourtney Flores
Restored Submit;PC+Phone;45550;Attitudes. Corp;300;+71675187587;DirAnthony Henderson
Evaluated;PC+Phone;90398;Buying. LLC;415;+50125259596;DirChristian Espinoza
Massachusetts Surrounded;PC;76738;Macedonia. LLC;768;+33935404300;DirChristopher Jordan
Option Fashion;PC+Phone;62533;Sessions. Inc;236;+58235101140;DirLauren Morgan
Dick Arch;PC;47270;San. LLC;225;+32875227640;DirSheila Hawkins
Fastest;Phone;14184;Adaptive. Co;77;+56588860716;DirPatrick Smith
Devil Function;PC+Phone;11263;Julie. LLC;969;+33848877935;DirChad Daniels
Furniture Voters;PC+Phone;12479;Constitute. LLC;330;+58706426187;DirSuzanne Shelton
Min Info;PC+Phone;71553;Msie. Inc;304;+46662680647;DirJames Johnson
Gaps;Phone;87527;Ministries. Ltd;359;+68130487186;DirStephen Wilkins
Triumph;PC+Phone;96413;Occurs. Inc;568;+21083826000;DirHeather Jackson
Hk;Phone;24859;From. Co;768;+75876995799;DirTimothy Rogers
Chronicle Steps;PC+Phone;10575;Specialties. LLC;766;+59365602751;DirNicole Lewis
Knock;Phone;11372;Royalty. Co;912;+71782265804;DirAmber Alexander
Committee;PC+Phone;44863;Structural. LLC;224;+60469339714;DirAlexa Russell
Ranking Keith;PC+Phone;10954;Mating. LLC;492;+48381238530;DirBrett Moreno
Auction Seas;PC+Phone;8081;Rebecca. Inc;822;+71428585939;DirEmily Rose
Polar Walk;PC+Phone;71516;Reaching. Corp;410;+42067549985;DirMegan Patterson MD
Victorian;Phone;27907;Responding. Ltd;736;+58456590276;DirWendy Aguirre
Gary;Phone;87782;Attach. Inc;57;+72504273372;DirEric Becker
Packets;Phone;77226;Posting. Inc;162;+22728181874;DirRyan Jones
Burning;PC+Phone;47437;Med. Inc;723;+10469322369;DirMary Shelton
Reid;PC;82591;Telecharger. Inc;400;+16871070500;DirDaniel Leonard
Treatments Boys;Phone;79472;Stats. Co;471;+52896400312;DirThomas Davis
Huge;PC;90555;Require. Inc;323;+19977461871;DirBecky Obrien
Vibrators;PC+Phone;55173;Inspired. Corp;464;+66034179085;DirSean Powers
Italian Examples;PC+Phone;17774;Rear. Co;550;+65436591526;DirBenjamin Rasmussen
Volunteers;PC+Phone;84479;Buffer. LLC;132;+57158918016;DirMichelle Hawkins MD
Laboratory;PC;37433;Va. Inc;189;+79835309092;DirTiffany Graves
Synthesis;PC;42685;Mathematics. Co;399;+50241731066;DirJohn James
Spine;PC;91736;Border. Co;967;+39464577940;DirJames Horne
Lm;Phone;74766;Scroll. Ltd;370;+56405715704;DirKevin Wright
Fees Luck;PC;79025;Pf. Ltd;85;+65017636329;DirRichard Singh
Giants;PC;63679;Barely. Inc;829;+59411984059;DirAngela Rios
Singer;Phone;84462;Intend. Co;377;+43466107109;DirJoseph Berry
Payment Economic;PC;54929;Forecasts. Corp;375;+54195924333;DirJoseph Morris
Wages;PC+Phone;16727;Lay. Corp;656;+12955673389;DirDr. Mary Wolf
Lots;PC;72124;Alt. Co;252;+54194205351;DirMichael Parker
Gang;Phone;61643;Spouse. LLC;141;+36695808069;DirMichael Morgan
Distinguished;PC;21042;Juice. LLC;604;+68085883867;DirDaniel Lester Jr.
Metal;PC+Phone;33872;Possibility. Ltd;465;+14668832823;DirRichard Andersen
Float;PC+Phone;61903;Juvenile. Ltd;736;+48638068117;DirWilliam Walton
Pamela Jacket;Phone;96392;Arrived. Corp;747;+15747267124;DirDominique Moreno
Cabin Loans;PC+Phone;7989;Folder. Ltd;340;+68176707365;DirRebecca Lee
Difficulty;PC;37963;Examined. Ltd;836;+58809095262;DirMichael Delacruz
How;PC+Phone;86923;Ingredients. Corp;650;+30258587275;DirRobert Castaneda
Unlikely Analysis;Phone;4015;Isa. Inc;201;+68920558527;DirChelsea House
Accept;PC+Phone;13306;Reg. LLC;795;+50839664234;DirJessica Thomas
Figures Leisure;PC;39078;Preventing. Corp;150;+67304612311;DirLori Russo
Helps;PC+Phone;28124;Surge. LLC;748;+16287158962;DirMark Mcintosh
Burke Closer;PC+Phone;2539;Acquisitions. Ltd;230;+26849318843;DirPeter Parker
Priced Alliance;PC+Phone;89341;Protective. Corp;210;+73135975352;DirClarence Smith
Kept;Phone;11436;Faq. Co;646;+31373203564;DirHarold Valdez
Cubic;PC;17799;Dogs. Inc;864;+54926209856;DirJohn Bennett
Charged;PC+Phone;15076;Sponsorship. Inc;242;+28224261417;DirMrs. Elizabeth Ward
Ala;Phone;97369;Src. Inc;554;+71550535042;DirPatricia Hall
Specialized Investing;PC+Phone;90793;Poor. Co;800;+65768507004;DirAmanda Moore
Warranties Approx;Phone;87426;Santa. Ltd;654;+50923326932;DirDavid Robinson
Attack Eventually;PC+Phone;59302;Vulnerability. Inc;625;+33709302074;DirCarrie Rogers
Peripherals;PC;11763;Refurbished. Co;668;+71446706384;DirAlexandria Brown
Beings;Phone;88311;Commitments. Ltd;179;+12576904203;DirPatricia Strong
Necessity;PC;69407;Par. Ltd;704;+15986565933;DirMichelle Sullivan
Seed;PC;86585;Cliff. Corp;367;+66385190967;DirSheila Miller
Carb;PC+Phone;29641;Chest. Inc;502;+11998610389;DirNicholas Peterson
Investigator Honor;PC+Phone;60587;Compaq. Inc;481;+39516938694;DirTammy Gentry
British;Phone;74643;Speech. Co;164;+42704701050;DirJennifer Terry
Ensures;PC;1582;Career. Inc;698;+77207202591;DirEdward Elliott DDS
Voyeurweb French;Phone;77322;Exactly. LLC;162;+30727918602;DirSusan Wiggins
Patents Thousands;PC+Phone;46370;False. LLC;899;+73866251245;DirJohn Hall
Sender;Phone;28872;Psp. Ltd;19;+70815906048;DirWendy Horne
Oracle;PC;76666;Negative. Inc;263;+60509839023;DirRichard Pacheco
Hilton Premium;PC;63500;Send. LLC;319;+39375129732;DirTina Ortiz
Adobe Barrier;Phone;21065;Eg. Co;104;+23777464761;DirSandra Wright
Offense;Phone;7411;Ann. LLC;448;+59325731712;DirScott Johnson
Usgs;PC;75486;Indirect. Ltd;131;+51976065790;DirDaniel Morgan
D Ll;Phone;57491;Mae. Corp;341;+44001288269;DirSteven Zhang
Formula;PC;73202;Referenced. Co;861;+65448224187;DirRobert Murray
Surrounded Kept;Phone;34734;Bags. LLC;786;+18526193162;DirDavid Martinez
Eagles;PC+Phone;26837;Recommend. LLC;900;+13289586038;DirJason Sampson
Industrial;Phone;1764;Allowed. LLC;230;+74325945846;DirAdam White
Exercise;Phone;72860;Ye. Corp;999;+70823386337;DirJeffrey Rhodes
Talking;Phone;32828;Slide. Corp;816;+34086776474;DirHeather Diaz
Updating;PC;51428;Recordings. Corp;243;+68725996238;DirNicholas Clark
Add;Phone;21644;Issues. Ltd;376;+25187820835;DirJeremiah Summers
Kernel;PC+Phone;23669;Acc. LLC;778;+13432669660;DirKaren Carroll
Spies;PC;68209;Skilled. Corp;453;+44481798026;DirJordan Wood
Belief Marvel;PC;1446;Gordon. Inc;985;+16018001837;DirNicole English
Cargo;PC;15974;Emergency. Inc;67;+70874495851;DirElizabeth Willis
Riverside;Phone;5;Pursuant. Inc;860;+24900404341;DirWendy Hernandez
Acdbentity;Phone;91185;Camel. Ltd;145;+34151670979;DirJoseph Martinez
Speeds;PC;12081;Arch. Corp;251;+76926670474;DirPaul Campbell
Motion;Phone;17971;Mainstream. Inc;116;+74240572744;DirRyan Miller
Pace;PC;89274;Floyd. Ltd;936;+73530947619;DirGeorge Rose
Clicks Penguin;PC+Phone;34107;Em. Ltd;138;+78035648555;DirDustin Coleman
Square;PC+Phone;48085;Advocate. Co;174;+29200520064;DirStephanie Burns
Magnetic;PC+Phone;17600;Ul. LLC;73;+10670640632;DirMitchell Bowen
Institution Consistent;PC;38921;Masturbating. Co;207;+30421053486;DirMelissa Schultz
Detector;Phone;77450;Wife. Ltd;714;+40091674682;DirDavid Lewis
Pharmaceuticals;PC+Phone;91103;Jaguar. Co;929;+68230671983;DirAnna Cooper
Tanks Athletes;PC;66422;Peterson. Corp;849;+71633221918;DirStephanie Jones
Upgrading Caution;PC+Phone;9088;Jeep. LLC;916;+18981578280;DirJennifer Rush
Vernon;PC;68490;Lookup. Co;701;+30070246723;DirJodi Rush
Vocals Export;Phone;66019;Either. LLC;261;+70645673469;DirCaroline Nelson
Raid Algeria;PC+Phone;1678;Biggest. Inc;116;+34908920934;DirAngela Bond
Municipality Particles;Phone;62996;Development. Ltd;765;+78697249756;DirEdgar Smith
Report;PC;66591;Plane. Co;268;+55244839611;DirAngela Moore
Passing;PC+Phone;56116;Installation. Inc;479;+46312608747;DirJeremy Hancock
Applicable Twenty;PC+Phone;41990;Case. Co;8;+19396763381;DirAmanda Rivera
Proxy;PC+Phone;60590;Vic. Ltd;292;+35973478490;DirRachel Wolfe
Catch;PC+Phone;21866;Paperback. Ltd;646;+38898175888;DirSharon Hall
Examine;PC+Phone;93816;Rain. Inc;542;+62635464404;DirMichelle Mccormick
Colleagues;Phone;10678;Believed. LLC;350;+47673254568;DirHeidi Gray
Pockets Geographical;Phone;14703;Dover. LLC;171;+21480805097;DirNancy Hawkins
Milk;PC;37825;Walker. Inc;683;+79701854966;DirDaniel White
Shemale;PC;13943;Dpi. Ltd;667;+71514692531;DirDavid Adams
Siemens Nhl;PC;49417;Compatibility. Corp;238;+68699228777;DirJeffrey Stephens
Expansys;PC+Phone;76652;Instrumental. Co;936;+74330877564;DirNathan Beasley
Insights;PC+Phone;77999;Abs. LLC;918;+79204481953;DirJesus Davis
Centre Mere;PC;98191;Downtown. Ltd;825;+65816493776;DirJoseph Daniels
Villa;PC+Phone;61415;Tour. Corp;643;+29361258624;DirJamie Kirk
Ia;Phone;45951;Bye. LLC;912;+65237390844;DirCrystal Velasquez
Bo;Phone;32552;Argentina. Co;967;+11108323821;DirTimothy Wheeler
Joyce;PC+Phone;70067;Course. Ltd;810;+28356583476;DirBenjamin Farmer
Accompanied Money;Phone;48191;Shareholders. Co;781;+53450773269;DirDavid Spencer
Couples Lightweight;PC;68251;Promoting. Co;367;+62473527720;DirKristin Kelly
Supporters;Phone;95269;Customers. LLC;672;+25759448608;DirJuan Allen
Innovation Poor;PC+Phone;8416;Terrorists. Corp;721;+41459292567;DirRichard Hernandez
Holdings Kent;PC;74699;Cet. Corp;109;+35406151865;DirMichelle Mendoza
Tips Have;PC;82328;Sea. Ltd;552;+18678556152;DirAnne Santos MD
Ea Months;Phone;68083;Uv. Inc;960;+57672204860;DirTiffany Gutierrez
Exp Jordan;PC+Phone;49455;Nw. LLC;989;+39609336766;DirMark Carter
Wait;PC+Phone;64509;Cumulative. LLC;409;+73642602995;DirJeffrey Cervantes
Terrible;Phone;98315;Charter. Ltd;784;+19939614937;DirTamara Wilson
Trend;Phone;83247;Freebsd. Inc;383;+14176253881;DirMark Winters
Reflects;Phone;67703;Synthesis. Ltd;629;+79750819177;DirStephanie Montes MD
Promotion;PC+Phone;5732;Agreements. Corp;297;+51567065251;DirAngela Camacho
Pro Partially;PC+Phone;52954;Newport. Corp;802;+79723407643;DirAustin Cook
Kinds;Phone;292;Horizontal. Ltd;925;+26261752153;DirCody Pena
Bedding;PC;44568;Paypal. Corp;570;+31490683926;DirEric Davis
Adware;PC+Phone;43946;Fioricet. Corp;863;+28009863272;DirJennifer Curtis
Webmasters;PC+Phone;43841;Asus. Corp;273;+13403272248;DirKayla Collins
Wonder;PC+Phone;51631;Tones. LLC;16;+37411148815;DirJoseph Mosley
Mistress;Phone;72969;Guild. Corp;658;+46271130043;DirFrederick Howard
Visited;Phone;82047;Cat. Ltd;501;+62630304167;DirBeverly Lee
Nova;Phone;33188;Joke. Inc;123;+45686241990;DirJohn Lara
Nylon Analyst;PC+Phone;84325;Visitor. Ltd;671;+47512315349;DirSharon Spencer
Heel;Phone;88629;Bidding. Ltd;978;+14048909463;DirBrian Zimmerman
Genius;Phone;92248;Comics. Co;475;+65290803937;DirChristy Anderson
Olympics;PC+Phone;17789;Sg. Inc;970;+64341513239;DirMrs. Gabrielle Ramos
Promotional Cheap;Phone;16164;Removing. Ltd;11;+55228634293;DirCindy Davenport
Fork;PC;35883;Adolescent. Co;204;+79904921699;DirAaron Scott
Paintball;Phone;27977;Rx. Ltd;195;+79074922111;DirKelly Brown
Blackjack;Phone;16972;Dicke. Corp;213;+49204685814;DirAmber Cabrera
Further;Phone;10129;Harbour. Co;649;+77789849923;DirHeather Green
Convertible;Phone;52340;Maritime. Inc;851;+57672809029;DirBrian Miller
Trouble;PC;65025;Hydrogen. Ltd;962;+38433889248;DirDavid Brown
Mentioned;PC+Phone;66894;Nuke. LLC;935;+28243639166;DirEdward Harper
Tops;PC;17522;Beat. Inc;867;+25309632927;DirAnthony Miller
Trim;PC+Phone;78713;Recipient. LLC;58;+14981818948;DirDavid Johnson
Weekly Enemies;Phone;75326;Standings. Inc;847;+40454230816;DirAmy Howell
Eat Fix;PC+Phone;22905;Aqua. LLC;760;+14737424859;DirClaudia Matthews
Principle;Phone;51820;Hi. Co;231;+35445948434;DirHeidi Wade
Reminder;Phone;56728;Calvin. LLC;436;+77312476265;DirJohnny Newman
Zshops Favors;PC+Phone;24651;Formal. Corp;350;+62096884457;DirKevin West
Bag;Phone;97568;Rat. LLC;278;+77550088461;DirLori Torres
Inline;PC+Phone;76086;Partition. Ltd;853;+78731887557;DirMelissa Hughes
Conditional;PC+Phone;54492;Saturn. Co;430;+17074472334;DirAnna Lara
Hear;PC;5867;Hunger. Co;140;+71139161082;DirDaniel Hughes
Stability;PC;69700;Align. Co;836;+39619892685;DirTina Taylor
Fucked;Phone;23054;Lightning. Ltd;436;+77764285273;DirAlyssa Collins
Grades;PC;49030;Centers. Corp;983;+15743775075;DirJerry Edwards
Evaluated;PC+Phone;11720;Row. Ltd;347;+16967479816;DirSteven Miller
Democrat;PC;73013;Admissions. Ltd;465;+59740014257;DirPedro Patrick
Campaign Tagged;PC;49679;Ae. Corp;132;+62705816171;DirJacob Flynn
Coming;PC;54978;Affect. Corp;989;+22751982864;DirAnita Rowland
Darwin Cakes;PC+Phone;20996;Alaska. Inc;536;+21193626215;DirMichelle Porter
Si;PC;11126;Changing. Ltd;35;+60380391331;DirAlexandra Larsen
Imaging Odds;PC;14390;Ancient. Co;165;+36879338435;DirJanet Paul
Characters Clothing;PC;36520;Indices. Corp;339;+67861543679;DirJeanette Thompson
Permissions Decreased;PC;53863;Turner. Corp;845;+20319404114;DirJohn Garrett
Rhode;Phone;49590;Unusual. Ltd;215;+69975609261;DirAnna Lynch
Poly Satisfactory;PC+Phone;90415;Sie. Ltd;76;+53518625602;DirAlyssa Taylor
Issn Bench;PC;79299;Carlos. LLC;700;+19028833166;DirNicole Riddle
Fold Scheduling;Phone;16920;Edmonton. Corp;201;+44574275182;DirConnie Hansen
Serum;PC+Phone;98431;Surround. Corp;944;+11458968462;DirHeather Cervantes
Operator;PC;80128;Personals. Ltd;872;+11855989423;DirJoel Goodman
Levels Alternatives;PC+Phone;50330;Conference. Ltd;360;+77522994031;DirLarry Murphy
Minds Put;Phone;69199;Draw. Co;264;+68326378383;DirGloria Ford
Myanmar Omissions;PC;99060;Packets. Ltd;942;+68543647466;DirTerrence Graham
Depend;PC+Phone;16235;Big. Inc;50;+58267541204;DirRenee Schultz
Medline;Phone;82684;Releases. Ltd;840;+72227574981;DirMr. Richard Holland
Arc;PC+Phone;13004;Allowed. Corp;890;+51936315378;DirChristopher Anderson
Memories Preparation;Phone;12844;Elephant. Ltd;660;+44554363044;DirCorey Ramos
Foundation;PC+Phone;97179;Isolated. LLC;691;+69495495466;DirNancy Morgan
Er;PC+Phone;56092;Troubleshooting. Inc;993;+22276118346;DirShawn Lewis
Punch;PC;81160;Floor. Corp;588;+42452540240;DirHeather Shepherd
Volt Ge;Phone;30907;Dust. Inc;858;+76762170100;DirSteven Mcdonald
Campaign Lap;PC+Phone;38367;Complexity. Ltd;623;+23032813385;DirMichael Phillips
Continuing;PC+Phone;56548;Team. Inc;431;+48856832643;DirAmanda Cunningham
Css;PC;63998;Magnetic. Ltd;383;+57920661390;DirBrian Gutierrez
Fd;PC;22156;Sf. Inc;752;+67333823705;DirGrant Martinez
Dressing Loss;Phone;56583;Responsibilities. Ltd;53;+54488979246;DirKaren Thomas
Abu Cliff;PC+Phone;71091;Adam. Co;269;+13839520400;DirMichelle Campbell
Shoulder Eos;Phone;93570;Attractions. LLC;389;+63511564743;DirJoseph Wright
Introduces;PC+Phone;73270;Personnel. Co;871;+47251739644;DirJordan Johnson
Worry Macedonia;PC;37923;Notification. LLC;684;+40726757950;DirCharlene Smith
Heights Roses;PC;57284;Al. LLC;815;+24240100780;DirJames Rivas
Gym;Phone;9790;Fall. Co;45;+56492068905;DirMatthew Riley
Judge;Phone;5178;Consolidated. Corp;171;+38207165560;DirTeresa Marshall
Expansys Ict;PC;75542;Chips. Corp;944;+44674194735;DirJoseph Alvarez
Apart;Phone;74729;Without. LLC;123;+73871330964;DirBrian Baker MD
Porn;PC;76994;Wildlife. Ltd;411;+23949395729;DirShelley Murray
Headline;Phone;32416;Sp. LLC;327;+68826437931;DirTara Harris
Freely Petroleum;PC+Phone;41023;Portuguese. Inc;578;+33203054259;DirMelissa Jones
Actions;PC+Phone;77379;Beat. Ltd;446;+32343080457;DirRonnie Meza
Wind Len;Phone;69999;Surgeon. Inc;724;+73139491633;DirPatty Gallagher
Headline;PC;79208;Pct. Co;50;+15623612044;DirWendy Curry
Sight;PC+Phone;37908;Pursuant. Ltd;985;+56015918073;DirDiana Cain
Consideration Fe;PC;21495;Quilt. Ltd;311;+30706413723;DirJason Johnson
Assigned;PC;1473;Useful. Inc;78;+59673380685;DirRenee Stone
Explanation;PC+Phone;61961;Tips. Co;521;+14449656174;DirMonica Fry
Ip;PC;63214;Improved. LLC;250;+10566774984;DirKaren Torres
Singles;PC+Phone;17765;Parents. Co;539;+30034864899;DirNicole Garcia
Usa;PC;99134;Outlined. LLC;954;+71686561300;DirTimothy Knight
Faster;PC;96628;Details. Ltd;536;+66852076942;DirJason Banks
Monthly;Phone;19420;Integrate. Inc;963;+32442889316;DirCynthia Nunez
Additions;PC+Phone;22505;Bands. Corp;204;+30996508110;DirDr. Allison Robles
Need Destroy;PC;24178;Waiting. LLC;570;+51295976021;DirKatherine Oconnor
Part;Phone;15727;Basis. Corp;554;+71888564581;DirMelissa Patel
Passes Drawings;PC;44237;Magazines. Corp;839;+64041054205;DirRachel Mosley
Owner Collection;PC+Phone;77218;Lender. LLC;491;+67318438543;DirJennifer James
Tcp Brothers;PC;43330;Cold. LLC;725;+69563953426;DirLindsay Joseph
Editorials;PC;5471;Flu. Ltd;99;+60117932845;DirNicole Abbott
Public;Phone;96607;Cake. LLC;337;+18489500764;DirLarry Snyder
Feed;PC+Phone;174;Let. LLC;744;+58162460856;DirRebecca Parker
Behavior Wp;Phone;34280;Dear. Corp;846;+38185851962;DirJames Tucker
Mother;PC;66753;Adaptive. Inc;234;+57734187947;DirLindsay Rush
Republican;PC+Phone;83290;Lounge. Ltd;249;+28614831022;DirGary Lopez
Ob Truly;PC+Phone;77431;Evaluate. Ltd;908;+71881214683;DirJonathan Pratt
Wrestling;PC;21245;Inappropriate. Corp;845;+30384178973;DirJames Scott
Des;Phone;96512;Drops. Ltd;622;+31047711772;DirKevin Castillo
Frederick Vip;Phone;8473;Settled. Corp;161;+17080291308;DirFrank Wells
Distribute;Phone;67825;Undertake. Ltd;557;+59802060044;DirMartha Barnett
Chances;PC;7944;Payroll. Inc;147;+76369569746;DirKelly Gregory
Cause;PC;79380;Nominated. LLC;888;+33549481998;DirLauren Phillips
Reads;Phone;74728;Cylinder. Corp;564;+38985474187;DirCharles Mendoza PhD
Dare;PC;89095;Closure. Inc;770;+51318001403;DirCharles Peterson
Arab Transportation;PC;25814;Hayes. Corp;18;+77740114472;DirKaren Parks
Solid;PC+Phone;36875;See. LLC;182;+54698591010;DirCassandra Bates
Investigated;PC;15244;Upgrade. LLC;199;+34945072519;DirDaniel Mcbride
Toy Asks;PC+Phone;18926;Generators. Corp;375;+66222153416;DirJames Jones
Authorized;PC;21672;Innovative. Ltd;917;+48615426768;DirAmy Wagner
Load;Phone;91801;Gay. LLC;341;+45995731308;DirShane Baker
Yrs;PC;3214;Whereas. Inc;383;+18606345288;DirBrittany Atkins
Forestry;PC;68746;Oakland. Inc;950;+25265262384;DirFrances Jackson
Sg Implications;PC;60463;Today. Corp;806;+42021644411;DirCrystal Johnson
Closing Netherlands;PC+Phone;34258;Subscribe. Corp;314;+14614805749;DirAndrea Roberts
Wednesday;Phone;15392;Dale. Ltd;966;+39336842255;DirJeremiah Gordon
Spread;Phone;21684;Continent. LLC;94;+62782470249;DirCynthia Young
Jeff;PC;39980;Wake. LLC;137;+64550117136;DirErica Whitaker
Position Lotus;PC;21654;Wa. Ltd;596;+76114913544;DirLaura Crawford
Bolivia Concerns;Phone;23175;Codes. LLC;545;+17239592672;DirTodd Burke
Dark;PC;68319;Wallpapers. Ltd;444;+53430065372;DirMelissa Miles
Cio;Phone;72434;Religious. LLC;318;+66179878236;DirBrian Roman
Upload;Phone;72570;Ceiling. Ltd;580;+37409529916;DirElizabeth Owens
Difficulty;Phone;3934;Rock. Co;848;+76010240450;DirJonathan Smith
Illegal;Phone;12737;Stays. Inc;496;+42374297035;DirStephen Perkins
Amy;PC;14482;Indicators. Corp;506;+30574696735;DirMark Freeman
Patio;Phone;26059;Unusual. Co;51;+46429817888;DirAlexis Poole
Native;PC;77908;Poultry. LLC;895;+14659169957;DirThomas Miles
Gentleman Having;PC;77751;Cheaper. Co;324;+36371787045;DirArthur Elliott
Amended Periodically;PC+Phone;37364;Nursing. Corp;531;+48113438899;DirSteven Terrell
Punch;PC;56578;Airports. Inc;350;+28834476172;DirKaitlyn Cummings
Call Michael;PC;42520;Obj. Inc;747;+12135332722;DirMichelle Huang
Lender Moon;PC;23495;Oliver. Corp;27;+59984499398;DirTimothy Summers
Net;PC;5371;Florist. Corp;556;+79726772504;DirLisa Roberson
Pdt;Phone;40497;Nuke. Ltd;966;+15600802753;DirColleen Cook
Likely;PC;64441;Trainer. Ltd;845;+69920149738;DirNicholas Johnson
Mortality Town;Phone;18039;Hunting. Corp;267;+38510621676;DirSharon Robertson
Gotta Pointed;PC+Phone;75358;Verde. Corp;662;+72994278178;DirLaura Johnson
Delicious;PC+Phone;25302;Moderators. Inc;844;+13598428969;DirStephanie Fernandez
Kazakhstan Ai;PC+Phone;95265;Feb. LLC;274;+79786108928;DirErin Reynolds
Fathers;Phone;93264;Loving. Inc;670;+42806544561;DirEvan Hall
Sentences;Phone;57395;Motherboard. Co;978;+41185057462;DirDeborah Padilla
Groups;PC;10265;Restricted. Co;327;+54867005534;DirLori Lindsey
Soc Sorry;Phone;12597;Passenger. Ltd;654;+27224013416;DirBradley Frank
Suspended;PC+Phone;5597;Season. LLC;287;+31773847369;DirKatherine Ellis
Delicious;Phone;17800;Collectible. Corp;658;+51385517889;DirNicole Mullins
Pipe;PC+Phone;47632;Pierre. Ltd;186;+65725366829;DirPeter Henderson
Paragraph Holder;PC;2573;Lake. Corp;769;+66428555502;DirLindsay Yates
Modular;PC;89798;Practical. Inc;835;+34869519781;DirJoshua Peck
Stephanie;PC+Phone;17041;Ottawa. LLC;171;+76013822438;DirMarissa Castaneda
Scuba;PC;17094;Referring. Inc;105;+48773078691;DirLori Eaton
Baking;Phone;30138;Hd. Ltd;989;+29509580190;DirLaura Anderson
Standards;PC+Phone;92597;Hair. Inc;352;+15448605033;DirBrian Shepard
Bridge;PC;71023;Observations. Corp;612;+61886980209;DirGina Carey
Dealt;Phone;47791;Financial. Corp;195;+20746025140;DirJacob Washington
Direction Illinois;PC;43146;Hl. Ltd;105;+59941325257;DirJonathan Lee
Reno;PC+Phone;89879;Glass. Ltd;220;+11616615849;DirMelissa Duffy
Harbor Horses;Phone;66126;Collectables. Co;402;+49688091532;DirJames Hampton
Administrator;Phone;95322;Dpi. Ltd;834;+30046895076;DirJennifer Freeman
Clara;PC+Phone;90762;Offering. Ltd;847;+46737614860;DirAlicia Wood
Myself;PC+Phone;76138;Fault. Inc;435;+66375448673;DirJustin Wallace
Griffin;PC+Phone;84185;Positioning. LLC;953;+58042489361;DirDanielle Frey
Inexpensive Lexington;PC+Phone;75281;Twisted. LLC;324;+19962102614;DirCameron Williams
Constantly;Phone;99799;Listen. Inc;268;+47956543279;DirSean Barnes
Integrity;Phone;66368;Perfume. Ltd;150;+29194674039;DirZachary Wilson
Sampling;Phone;33459;Myanmar. Ltd;714;+18606623915;DirClarence Boyd
Findlaw;Phone;12677;Elizabeth. LLC;873;+48595723984;DirMary Castaneda
Bizarre Abstracts;Phone;37804;Buying. Ltd;588;+12775035394;DirMichael Velasquez
Mines Victorian;PC;27252;Colleges. Inc;453;+20337150715;DirDanielle Rhodes
Rs;Phone;36422;Text. Corp;208;+46160218821;DirJodi Baker
Commitment;PC+Phone;4675;Lg. Corp;513;+37122858244;DirBryan Hale
Resorts;Phone;73770;Ago. Corp;717;+45224305471;DirDeanna Day
Defined;Phone;94748;Quote. Ltd;189;+50723253095;DirMegan Williams
Behavior Enquiry;PC+Phone;86804;Scholarship. LLC;572;+18243263054;DirJohn Hall
Robertson Senators;Phone;73318;Http. Co;439;+17939693808;DirRobert Dominguez
Host Dairy;Phone;14855;Pensions. Inc;768;+38530796864;DirNicole Johnson
Foto Headline;PC+Phone;26899;Islam. Inc;211;+65710200816;DirGordon Lopez
Wishes Eco;PC;94937;Varied. Corp;70;+14934256604;DirDouglas Gross
Selections;PC+Phone;93721;Kitchen. Ltd;655;+29030273258;DirTodd Grimes
Bermuda;PC;30677;Legendary. Inc;568;+12826601980;DirPaige Haynes
Officials Toner;PC+Phone;18431;Mother. Ltd;926;+38757275165;DirMichael Wagner
Tariff Flag;Phone;93992;Abs. LLC;264;+17850024108;DirJoshua White
Object;PC;56720;Jay. Inc;321;+10812720973;DirJose Mcbride
Sprint Intensive;Phone;29295;Dans. Corp;304;+21613169304;DirTodd Mueller DDS
Soup Ruby;Phone;62539;Bw. Co;343;+79351346283;DirCaroline Johnson
Joyce;PC+Phone;37848;Saturn. LLC;917;+69790276641;DirTerry Evans
Phil Guardian;PC;69128;Porcelain. Co;606;+65688402535;DirMr. Kevin Blanchard
Reasons;PC+Phone;94080;Cabin. Inc;331;+61551930835;DirTonya Fernandez
Cape;PC+Phone;72480;Provincial. Co;862;+54921938903;DirJennifer Barrett
Toward;Phone;67676;Browser. Ltd;620;+16662830296;DirLarry Greene
Buffer;Phone;64617;Plain. Inc;60;+51506108367;DirJaime Mitchell
Union Reform;Phone;66240;Male. LLC;112;+69321859775;DirTroy Norman
Stupid;PC;23138;Wear. LLC;644;+43516761331;DirAndrew Castro
Renaissance;PC;19331;Aj. Ltd;177;+70199213704;DirKathy Wood
Antique;Phone;6210;Di. Inc;607;+24077563052;DirJimmy Nelson
Technological;Phone;21590;Sas. Ltd;494;+78523428708;DirAustin White
Musician;PC+Phone;40139;Novels. Co;994;+31447736032;DirHeather Lopez
Arcade;Phone;20772;Measure. Corp;397;+49006326808;DirPaul Kim
Typically;Phone;2427;Candy. Co;741;+70154843228;DirSamuel Smith
Km;Phone;30868;Contracting. Ltd;941;+32597388286;DirCaleb Lang
Peninsula;PC+Phone;39969;Wikipedia. Ltd;103;+74132237421;DirDeborah Rodriguez
Arkansas;Phone;55653;Hwy. LLC;998;+16518556672;DirMichele Reed
Eng;PC;94928;Competitive. Inc;493;+33271168439;DirStephen Livingston
Pound;PC+Phone;93620;Destinations. Ltd;637;+59667397087;DirCharles Rodriguez
Rides;PC+Phone;70059;Arrow. Corp;837;+21415781469;DirKayla Tucker
Subtle;PC;80729;Tooth. Inc;334;+57280555764;DirLaurie Alexander
Governance;PC;59813;Cradle. Ltd;373;+51048603017;DirRandall Smith
Original Rotation;PC+Phone;77752;Llc. LLC;940;+38302130030;DirStephen Boyd
Campaigns;Phone;54067;Hong. Ltd;473;+17080815837;DirJessica Torres
Butt Offices;Phone;56553;Domain. Co;119;+44898005445;DirAmy Wood
Eval Taken;Phone;13082;Align. LLC;187;+24815347975;DirBryan Wells
Torture;PC;47503;Abroad. Co;491;+51013088129;DirAlan Nguyen
Human Different;PC+Phone;39778;Pickup. Co;88;+29577454180;DirJustin Watts
Herald Deal;PC;76606;Res. LLC;558;+31807236609;DirAlexander Myers
Weather;PC;9695;Calculators. Co;70;+30405319453;DirCharles Nolan
Terrain;PC;33224;Rec. Corp;370;+23684195028;DirJonathan West
Secret Coat;PC;94042;Civilian. Ltd;105;+56598742495;DirNicole Reeves
Treated;PC;88477;Ipaq. Co;963;+26618341184;DirJames Campbell
Marathon;Phone;15338;Typical. Corp;36;+11133556036;DirLindsey Allen
Response;PC;61114;Gnome. Inc;911;+63122120040;DirEthan Bennett
Paid;Phone;89045;Cookbook. Co;414;+64445849672;DirNicole Walker
Complete Change;Phone;63004;Democrat. Inc;46;+36212216803;DirMr. Marcus Davidson
Outdoors Chambers;PC+Phone;5897;Offering. LLC;876;+46110383326;DirNancy Garcia
Bbs;PC+Phone;75172;Emerald. Inc;468;+29887934462;DirJames Hernandez
Mate;PC;57757;Relative. Co;237;+43381819707;DirChristina Nelson
Corpus;Phone;52702;Offered. Ltd;154;+50191299743;DirIan Lara
Arranged Even;PC+Phone;9960;Believe. LLC;906;+50320355432;DirRobert Rodriguez
Impressed;PC;72318;Shield. LLC;559;+22152356060;DirJeffrey Hampton
Gathering;PC+Phone;29958;Ejaculation. Corp;621;+51977804031;DirJeremy James
Walked;PC+Phone;70432;Bradford. Inc;47;+38812849685;DirMaurice Martinez
Research Til;PC;14262;Unable. Ltd;237;+22962856078;DirJesus Myers
Wild;PC+Phone;32764;Happens. LLC;591;+67871040428;DirRobert James
Through;PC+Phone;91400;Quad. Corp;421;+18860008299;DirJavier Garcia
Ballot Finds;PC+Phone;81052;Gm. Corp;803;+37135310278;DirNathan Miller
Card;PC;60532;Libraries. Inc;440;+10711469235;DirDamon Cain
Puts;Phone;345;Educators. Inc;969;+64973610963;DirMorgan Davis
Honda;PC+Phone;10724;Deemed. Ltd;152;+16242189155;DirKathryn Olson
Talked Ministers;PC+Phone;71459;Jerry. Co;838;+16269287181;DirMaria Meza
Vessels;PC;2324;Inch. Inc;369;+29293101595;DirKelly Tyler
Interracial Personality;PC+Phone;68620;Racing. Corp;409;+22704381251;DirSandra Holmes
Vessels;PC+Phone;21962;Chorus. LLC;663;+11384999143;DirTammy Harris
Catalyst;PC+Phone;37865;Hungarian. Ltd;306;+24422150125;DirJennifer Ramirez
Flush;Phone;47563;Td. Ltd;855;+56840678483;DirJoseph Taylor
Experiencing;PC+Phone;17134;Wicked. Corp;60;+79738904914;DirAbigail Ross
Humanity Presidential;PC+Phone;60701;Marketing. Corp;179;+36907364859;DirJohn Ortiz
Bonds Performances;PC+Phone;67192;Zshops. Inc;472;+64059759580;DirTyler Reeves
Holds Opens;Phone;33485;Jail. Co;795;+20581034441;DirKevin Johnson
Quilt Bouquet;Phone;62457;Goto. Corp;910;+12735077333;DirSean Weber
Ah;Phone;11791;Propecia. Inc;235;+57358829490;DirChristopher Williams
Atm;PC+Phone;82;Possession. Corp;108;+48972417640;DirKelly Byrd
Mauritius Got;PC;34535;Behaviour. Inc;279;+36489324876;DirMatthew Morgan
Airport;PC+Phone;28484;Modern. Co;838;+19616093712;DirAnna Giles
Trail Earthquake;PC+Phone;80201;Workflow. Ltd;218;+49589618377;DirThomas Shaw
Nov Macintosh;PC+Phone;56787;Remember. Ltd;341;+15441352172;DirJesse Woods
Probe Ed;Phone;17968;Got. Corp;587;+37661851752;DirShannon Love
Theory;Phone;26262;Hearts. Co;286;+18258241581;DirAdam Valdez
Ruby;PC;12658;Pentium. Co;937;+17145148293;DirTimothy Robinson
Analyses;PC+Phone;15389;Beaches. LLC;143;+60120772267;DirBrian Hicks
Sound;PC;88703;Thereafter. Corp;384;+67825123612;DirAnthony Perez
Rouge;PC;27381;Pichunter. Ltd;785;+49869794300;DirKevin Hayden
Generator;PC;8437;Needed. Co;856;+29315566992;DirJoshua Davidson
Thailand Techrepublic;PC;52497;Such. Inc;901;+49016258813;DirJoe Roberts
Stronger Standings;Phone;57295;Botswana. Co;606;+23724478552;DirKevin Mcmahon
Memphis;Phone;39351;Overall. Co;339;+13551015318;DirIsaiah Shelton
Rick;PC;32820;Distinction. Corp;646;+32259769188;DirNancy Cantrell
Oxide;Phone;91954;Greece. Inc;266;+49177214657;DirJonathan Scott
