Cooperative Sucking Admission;Kevin Pratt;268;1996-09-04;blues;4.85
Purchasing;Stacey Morgan;355;2022-09-11;hip-hop;5.23
Served Arts Courier;Stephen Fields;124;2005-02-20;classic;3.31
Inch Bundle Security;John Hill;860;2010-06-17;folk;1.73
Stated;Johnathan Santos;323;2003-08-11;hip-hop;1.7
Moves Pepper;Kelly Bautista;84;2009-05-15;rock;1.74
Networks Tracy;Michael Lewis;839;2022-03-20;rock;4.89
Piss Wisconsin;Brian Leon;591;2007-05-01;electronic;2.6
Wash Chains Manga;John Taylor;740;2014-02-02;electronic;1.9
Cruise;John Payne;141;2016-04-09;classic;3.77
Relief Pulled;Sabrina Hinton;820;1998-08-03;soul;2.77
Teacher Established Dover;Shane Dawson;47;2013-02-06;folk;4.51
Remedies Carried;Matthew Carrillo;72;2007-06-06;pop;4.8
Trinidad Horny Licenses;Phyllis Alvarez;344;2011-05-03;r&b;4.02
Delhi;Michael Aguirre;652;2016-05-09;jazz;1.51
Fujitsu;Michael Hall;369;2001-10-14;electronic;3.58
Clinical Makes October;Anne Fletcher;966;2000-04-01;pop;3.76
Chaos Cardiovascular Levy;Mrs. Tammy Cooper;726;1993-05-07;jazz;4.98
Cuisine Alone Nu;Debra Ortega;249;2002-04-11;country;2.87
Treatments;Laura Chang;14;1999-02-09;rock;2.6
Grey Rescue Fight;Breanna Anderson;789;2000-07-04;jazz;4.1
Sg;Carrie Wilson;800;2013-08-28;classic;2.86
Rocky;Leon Smith;534;2004-03-12;country;3.7
Samuel;Thomas Davis;696;2017-03-01;blues;2.16
Tight;Rhonda Ramos;469;2009-04-27;soul;2.48
Tier Nickname;Rebecca Larson;887;2016-12-29;soul;1.79
Equal Postcards Stupid;Michael Peters;325;2012-02-15;country;3.14
Dawn;James Alvarado;640;2022-04-19;classic;3.37
Zealand;Tracy Anderson;942;1992-12-10;blues;2.48
Hot Confirm Cycling;Harold Alvarado;978;1994-12-11;rock;3.59
Double Uncle Downloadable;Zachary Sanchez;84;2018-12-29;electronic;4.72
Marshall Steam Hyundai;Taylor Martin;163;1994-08-18;electronic;2.64
Mozilla Knew Indexes;Jamie Collier;641;2017-12-04;soul;2.08
Act Essex Astrology;Mrs. Krystal Martinez;386;1995-02-02;country;3.77
After;Tony Wong;150;1999-02-10;classic;4.87
Hilton Admission Part;Lisa Olson;499;2012-02-07;jazz;2.04
Streams;Lori Williams;202;2012-01-24;pop;2.86
Mess;Christopher Miller;697;2012-11-24;jazz;4.58
Efficiently;Brenda Barnes;203;2016-02-21;country;3.13
Eligible Despite;Shelby Lewis;12;2021-06-25;classic;2.1
Wm Compatibility Ta;Carla Beltran;148;1995-01-25;country;4.95
Wp Architecture;Jill Williams;931;1999-08-06;country;5.17
Diet Sight Specially;Robert Gonzalez;92;1992-11-09;r&b;5.44
Salvador Liechtenstein Herein;Eileen Williams;69;2022-02-07;country;1.88
Specifications Previously;Mark Lee;573;2006-06-21;soul;4.13
Upskirt;Colin Patterson MD;462;2010-07-14;folk;4.21
Wendy Financial Boxes;Victoria Rivera;13;1998-02-15;folk;2.37
David Angry;Christine Johnson;538;2020-04-25;classic;5.46
Lauren Mice Macintosh;Kylie Jones;563;2000-12-21;classic;1.9
Vote;Roger Chang;365;2021-12-03;r&b;3.16
Deleted;Deanna Rodriguez;607;1995-03-26;r&b;2.94
Brunette Dallas;Maria Johnson;472;1993-09-30;country;1.62
Munich Kingdom;Dennis Jones;97;2013-11-05;jazz;4.38
Alignment Vernon These;Kathleen Wilson;319;2008-08-20;pop;4.18
Cure;Brett Mcmillan;560;1994-09-09;folk;3.6
Labels Confidentiality;Rebecca Hendricks;109;1997-02-21;folk;4.24
Griffin Underwear;Sarah West;97;2007-09-26;jazz;2.97
Xerox Ia;Robert Clements;810;1996-02-29;soul;2.82
Wonder Incorporated Flat;Richard Hernandez;182;2020-04-17;r&b;3.72
Appreciate Catering Episodes;Jacqueline Lee;146;2009-09-05;classic;2.18
Virtual Mba Artistic;Kathleen Strickland;311;2012-08-16;jazz;4.51
Taxation;Bryan Gonzalez;550;1994-04-26;country;3.48
Assuming Touched Bathroom;Carl Edwards;356;2002-08-11;hip-hop;2.57
Refer Hart Be;Dawn Wilson;145;1997-08-22;hip-hop;4.17
Spider Soonest Controversy;Tyler Martinez;304;1994-06-11;electronic;5.25
Journalist;Matthew Jimenez;128;2000-06-12;pop;3.3
Friend Pub Kay;Cheryl Perry;349;1994-05-10;soul;2.99
Organizer;Roberto Patel;132;2011-12-31;country;3.43
Functional Occupational Ladder;Michelle Cochran;275;2014-02-03;hip-hop;3.33
Enlargement Poultry;Dr. Sandy Daniels;303;2017-03-08;jazz;4.13
Quantity Complimentary Shore;Ricardo Anderson;496;2011-12-25;hip-hop;1.94
Blah Indonesia;Robert Gilbert;251;2022-08-18;blues;3.55
Alabama;Lori Figueroa;658;2020-05-26;r&b;4.36
Abs Eye Pvc;Jeremy Yates;782;2011-10-12;pop;5.24
Create Prizes Form;Kelly Baxter;717;2020-08-14;classic;5.44
Hitachi;Kim Black;665;2020-12-22;folk;5.01
Noticed Called Document;Casey Allen;999;2003-01-01;blues;5.4
Statements;Heather Jensen;309;1999-10-23;electronic;3.33
Pixel;Karina Patrick;355;1998-12-05;soul;5.22
Jm;Robert Kim;712;2022-01-23;pop;2.6
Kelly Communicate Heating;David Nash;957;2016-01-08;pop;3.68
Mt Desired;Rodney Mendez;385;2016-01-23;folk;2.42
Murder Functioning Partners;Maria Russo;148;1996-04-27;folk;2.96
Specialty;Dr. Cindy Garcia;825;2021-10-17;electronic;2.85
Jade Doom Process;Adam Doyle;172;2014-07-26;blues;3.25
Courses Cs;John Taylor;553;1996-03-22;rock;3.12
Partial Acknowledge Virtual;Jason Keith;402;2009-04-28;pop;2.64
Aims Ton;Valerie Rich;918;1999-11-07;electronic;4.37
Missouri;Matthew Hays;358;2017-10-16;country;4.08
Peas Zus Cet;Tammy Anderson;425;2008-05-23;soul;2.54
Said Dean Headlines;Cindy Mcneil;693;2007-02-26;rock;2.32
Humidity Conventions Beam;Barbara Barnes;219;2004-04-08;classic;5.08
Stayed Worked;Tyler Jones;954;2005-03-12;folk;4.64
Implement Pamela;Susan Martinez;174;1997-03-08;pop;3.02
Exist Wb Elect;Justin Key;770;2004-01-04;folk;2.44
Journal;Elizabeth Ray;104;1995-12-16;country;4.53
Bosnia;William Ruiz;169;2003-04-10;folk;4.5
Voyeurweb;Deborah Clark;973;2008-01-14;blues;2.18
Surround Disorders Underwear;Shawn Stark;41;1995-07-31;pop;2.17
Breasts;Joseph Avila;54;1995-10-10;rock;1.79
Metropolitan Opens Buyers;Megan Peters;448;2015-10-01;jazz;1.67
Singapore Similarly;Jacob Harmon;60;2022-03-01;jazz;3.55
Edwards Cl Works;Lisa Conner;763;2012-06-26;classic;5.08
Wait Consolidation;Deborah Marks;102;2009-12-17;classic;1.96
Institution;Michael Perry;138;2022-02-08;soul;1.73
Monaco;Kyle Ray;443;2000-11-27;folk;2.17
Doubt Essex Active;Brandon Davis;866;2019-10-19;blues;2.49
Nick Swap;Charles Davis;572;1996-11-28;country;1.78
Set;Caroline Johnson;354;2007-12-29;folk;4.58
Preview York;Zachary Barajas;558;1997-08-02;country;4.03
Identify Vacancies Address;Christopher Price MD;739;1992-11-08;soul;1.56
Nearest Contain Quizzes;Cheryl Becker;819;2013-07-06;rock;2.5
Audi Passed Die;Scott Moses;437;2021-02-20;folk;4.39
Keno Related Committees;Jonathan Graves;478;2011-07-22;blues;2.21
Now Packages;Barbara Martinez;336;2002-09-14;electronic;1.53
Graphical Plymouth;Michael Santiago;310;2011-01-16;classic;4.36
Travesti Handle Msg;Nicholas Gonzalez;244;2010-10-16;folk;4.46
Belarus Township;Jerry King;355;1999-04-11;country;4.64
Bm;Geoffrey Smith;149;2018-01-12;jazz;2.42
Algeria Watch;Joseph Cox;16;1997-05-06;blues;5.18
Anna Intimate;Amy Duke;120;2003-01-29;country;2.78
Clouds Lions Scholar;Louis Coleman;651;2004-10-05;pop;3.07
Eg Modern;Lori Gardner DVM;973;2004-10-11;rock;4.93
Hunger Infections Blowjobs;Austin Harper;402;2004-06-30;rock;4.96
Vg Xx;Logan Salazar;708;1992-12-25;jazz;2.45
Context;Joshua Walker;588;2002-10-19;classic;4.3
Theorem;Alexander Ruiz;699;2019-10-24;country;4.44
Bw Surge;Joshua Acosta;878;2012-07-01;electronic;1.68
Philips Assessing;Douglas Mills;476;2012-02-04;jazz;3.71
Remix;John Valdez;691;2013-07-09;r&b;3.72
Muslims;Amy Gill MD;442;2004-05-17;soul;2.51
Craft Pool;Desiree Porter;916;2004-04-25;folk;3.49
Casino Premium Euro;Emily Mcgrath;9;1999-04-08;pop;2.48
Aug Sail;Lori Fitzgerald;313;2000-01-17;rock;1.94
Comprehensive Pan;Lisa Riley;445;2008-09-07;soul;3.51
Scientists;Virginia Hall;840;2007-11-27;blues;5.17
Automation Humanities;James Mcdonald;642;2002-04-14;folk;5.02
Freebsd Honest;Michael Christensen;384;2005-10-09;blues;1.66
Salmon Sponsor Arising;Jeffrey Davis;436;2001-11-20;country;2.3
Magic;Deborah Robinson;230;1996-07-04;rock;4.13
Sail Bold;Janet Short;14;2014-10-07;country;4.27
Prague Use Safely;Sandra Fisher;935;2016-02-16;rock;5.24
Traditional Princess;Phillip Becker;184;2018-05-15;rock;1.76
Shift Bugs Pissing;Gina Christensen;173;1997-10-09;blues;5.2
Cherry Maine;Robert Howard;198;1998-08-20;jazz;4.27
Acquired Grace;Sara Harrington;58;1994-04-13;jazz;1.87
Illustrations;Tricia Copeland;131;2010-10-12;country;3.95
Saying Hardly Letting;Jennifer Murphy;183;2004-08-12;r&b;4.25
Intermediate;Peter Williams;17;1998-08-24;jazz;4.77
Pushed Aerial Trap;Louis Taylor;532;1996-06-26;pop;5.03
Apparently Halifax;Michael Cline;600;2005-03-03;electronic;3.13
Temple Tt Damages;Robin Guzman;339;2003-05-26;electronic;2.77
Assistance;Todd Munoz;642;2015-04-23;electronic;4.07
Hr;Vanessa Hines;85;2005-02-18;folk;5.3
Skills;Joseph Hampton;437;1996-04-14;electronic;4.68
Simple;Matthew Gomez;742;2001-08-02;jazz;4.06
Overnight Handjobs Formerly;Anthony Warren;541;2011-10-21;soul;2.65
Revisions Associations Var;Jeff Sims;741;1997-10-06;soul;4.19
Toy;John Nunez;162;2013-04-14;blues;4.61
Cedar;Mary Smith;755;1996-05-08;soul;4.72
Factor Folks;Charles Joyce;510;1997-04-08;hip-hop;4.13
Incorporate Jc;Paul Zamora;248;2008-10-03;rock;4.22
Race;Hannah Kelly;701;2012-11-02;folk;3.29
Multi;Allison Harmon;320;1994-07-31;country;1.96
Melissa;Jill Yang;300;1995-06-21;folk;1.58
Wider;David Oneal;865;2018-10-27;hip-hop;4.54
Lift;Michael Woods;201;2013-12-10;folk;3.79
Indeed Handbook Twenty;Karen Rollins;777;1996-10-14;country;4.74
Investigation Legislation;Kelli Mack;598;1994-09-23;rock;1.91
Nothing Release;Christopher Clark;103;2018-02-10;jazz;2.06
Sampling Group;Nancy Melendez;713;2020-03-24;jazz;1.85
Kitty;Michael White;746;2019-08-01;folk;3.17
Respectively Nec Eliminate;Rachel Caldwell;552;2008-07-22;r&b;2.05
Approved;Julie Lee;529;2020-10-31;pop;5.33
Causes Housewares Nearby;Peter Castro;656;2010-03-20;rock;5.45
Responses;Brian Orr;202;2010-11-18;electronic;3.64
Joint Wa Firm;Darlene Anderson;919;2010-03-03;hip-hop;3.86
Jury Getting Consistently;Mark Mejia;983;2012-10-15;blues;4.26
Tribe;Andrea Richardson;883;1998-06-27;hip-hop;2.52
Wife Mass;Cassandra Dixon;446;1994-08-25;country;4.71
Families;Thomas Garner;243;2010-12-01;pop;5.03
Benchmark Arising Limousines;Kristin Williams;434;2015-07-02;blues;2.72
Social Satellite Albuquerque;Michael Sullivan;188;2011-09-25;r&b;4.7
Gentleman;Tamara Chambers;905;2015-07-22;country;3.22
Subtle Began Suffering;Sharon Ortiz;459;2004-09-14;folk;3.46
Travel Handheld Farms;Joseph Fischer;950;2021-01-14;blues;2.47
Customers Section Minnesota;Christopher Hunt;568;2008-07-23;blues;4.51
Ty Electrical;Nicholas Callahan;182;2001-10-05;hip-hop;4.78
Surprising Relatively;Heather Adams;342;2012-12-10;r&b;4.9
Bacon Intent Shuttle;Frederick Spears;380;2017-02-01;blues;3.42
Mouse;Stacey Sparks;685;2013-05-28;classic;3.11
Vampire Footage;Joshua Hays;252;2008-07-03;folk;2.41
Late;Ashlee Yang;782;2013-03-24;classic;4.18
Sound;Amanda Griffith;258;2000-09-09;pop;1.88
Hall;Alex Young;439;1995-07-10;hip-hop;4.28
Describing Hardwood Speech;Steven Robinson;587;2018-11-13;blues;3.83
Articles Polls Fellowship;Ashley Gillespie MD;173;2008-03-23;electronic;3.52
Wound;Lauren Hawkins;582;2008-02-15;rock;4.95
Disappointed Fuzzy Villas;Hannah Gonzalez;488;1996-03-16;r&b;1.86
Neck;Dustin White;13;2009-03-03;pop;1.67
Quebec Mothers;Ryan Lucero;529;2021-12-26;jazz;4.74
Oo;Daniel Rich;473;2017-12-10;soul;3.69
Inventory Professional;Brittany Lynch;497;2017-12-21;soul;4.99
Relates Rather Gave;John Turner;520;2006-01-04;classic;3.06
Legacy Ballet;Philip White;995;2008-06-04;pop;5.43
Utc Controlling Cart;Erica Moore;655;2008-02-05;electronic;2.74
Languages Offensive Characteristic;Elizabeth Mosley;771;2002-04-24;blues;5.14
Tiny Quoted;Ashley Dalton;353;2000-08-24;r&b;2.54
Title Ultram Divine;Marcus Anderson;719;2014-01-12;hip-hop;1.74
Death;Maria Brewer;623;2005-02-04;classic;4.52
Playlist Rob;Sherri Potter;726;2017-12-10;rock;4.82
Eugene;Brenda Taylor;976;2001-11-18;r&b;5.36
Path;Thomas White;872;1998-09-06;electronic;3.29
Near Component Journey;Karen Riley;650;2005-06-06;pop;3.22
Brook River;Jessica Owen;120;2017-06-04;rock;3.57
Accredited Myspace;Jessica Hunter;163;2004-04-15;soul;2.58
Comparable;Courtney Carlson;921;2001-07-12;jazz;2.24
Each Tasks;Jessica Fuller;437;1997-08-28;classic;5.48
Telescope Eye Broken;Ronald Todd;679;2015-06-08;jazz;1.53
Tm Till;Anthony Sexton;551;2008-05-11;country;4.6
Shape Bass;Anna Johnson;866;2021-01-14;r&b;4.92
Porcelain Manage;Jennifer Carson;180;2009-03-23;r&b;1.89
Holiday;Mark Ryan;789;2008-08-28;classic;2.9
Modem Coastal Anxiety;Jennifer Reyes MD;746;2000-04-12;folk;2.28
Arch Immigration Most;Kathleen Baxter;91;2007-07-28;pop;2.5
Tournaments Samsung;Brian White;350;2008-05-07;blues;2.17
Integrity Developers Lodge;Amy Rice;378;2022-07-01;jazz;2.64
Carolina Nobody;Paul Medina;506;2014-03-14;hip-hop;5.05
Sound;Donna Jackson;408;2000-02-09;country;2.94
Hired;Eric Briggs;781;2008-11-30;soul;4.92
Promotes;Catherine Moore;6;2017-06-27;rock;1.62
Falling Responsibility;Daniel Rowland;903;2016-01-21;pop;2.7
Prove Jersey Blog;Logan Perez;135;2018-05-28;blues;3.44
Interests Exterior;Thomas Waters;721;1998-08-03;soul;3.65
Nickel Pursuit;Ashley Jimenez;79;2009-08-30;classic;2.1
Cemetery Epic;Sarah Wagner;339;2002-11-29;hip-hop;3.38
Bras Aluminum Poster;Michael Johnson;61;2015-03-28;rock;3.53
Guild Bench Merit;William Lloyd;702;2018-10-06;electronic;3.23
Fascinating Gamecube;Travis Barnes;916;2018-04-14;soul;2.42
Aw Installation Hay;Aaron Acosta;751;1993-11-07;hip-hop;5.41
Sharon;Melissa Walter;128;1997-02-13;classic;4.0
Probe;Maria Martinez;618;2017-11-02;soul;2.07
Encouraging Glory;Jesus Lane;864;1995-11-20;soul;4.03
Relatively;Stephanie Guzman;196;2010-09-16;soul;2.21
Waves;Mark Farmer;839;1995-02-06;hip-hop;4.28
Lobby Bank;Molly Houston;805;2001-08-26;electronic;4.1
Scoop;Francisco Gardner;718;2018-02-16;r&b;2.69
Singles;Lawrence Ochoa;373;2015-02-27;rock;3.26
T Exotic;Rebecca Dawson DDS;253;2004-03-01;country;4.3
Charts Watts Victims;Stacy French;942;2006-05-25;country;2.64
Upon;Kathleen Hall;735;1996-10-16;classic;1.82
Dolls Abandoned;Dr. Richard Rodriguez;946;2004-07-18;blues;3.74
Euro;Marisa Jennings;327;2013-11-10;rock;3.44
Moderate Merger;Michelle Koch;866;2008-11-08;country;4.13
Threaded Answering Reveal;Michael Dodson;132;2006-12-13;soul;1.95
Communities;Barry Cruz;77;2004-10-31;soul;2.84
Girls;John Webb;906;2012-05-06;country;5.18
Support Hour Model;Tom Jones;968;1995-09-22;classic;4.79
Campaign Moment;Angela Gibbs;11;1995-06-22;electronic;5.45
Sudden Arch Correct;Wayne Smith;529;2000-11-16;rock;2.92
Longer Obligations Coins;Kenneth Rogers;926;2014-10-05;soul;2.41
Seeking Chan Binding;Teresa Hernandez;253;2012-10-26;hip-hop;3.28
Height Drilling Paperbacks;Timothy Silva;296;1995-12-20;folk;4.56
Songs Absorption;Frank Garza;151;2012-09-27;hip-hop;5.12
Literacy;Nicole Santiago;361;2006-03-05;blues;3.96
Gamespot Statistics;Jonathan Herrera;407;2001-04-21;hip-hop;3.2
Ab;Tyrone Carroll;660;2014-06-03;r&b;3.51
Shaped Understanding;Jessica Graham;784;1993-07-11;blues;5.03
Adjustment Rising;Jessica Rodriguez;424;2015-03-04;classic;1.51
Di Recognition Morning;Franklin Burnett;676;2012-01-16;classic;1.91
Collected;Meagan Barnett;876;1998-09-24;soul;3.3
Mem;Richard Tate;384;1994-03-06;r&b;4.36
Traveler Norway Excluding;Dustin Waters;527;2020-08-05;blues;1.62
Imagine;John Tucker;273;2018-04-20;pop;2.84
Stewart;Curtis Tran;413;1999-05-23;jazz;1.71
Tablet Oaks Citation;Lacey Montes;500;1993-01-25;pop;3.67
Advantages;Michael Hernandez;727;2007-05-25;hip-hop;3.23
Tabs;Joan Griffin;585;2008-07-25;jazz;4.03
Comes Shipments Houses;Alicia Jacobs;355;2014-04-21;folk;4.73
Society Nigeria Shopzilla;Ryan Miller;26;1995-10-09;jazz;4.51
Bank Theme Layer;Andrew Webb;399;2016-10-10;r&b;2.2
Hart Debt Rent;Ashley Bass;622;2011-06-23;jazz;4.78
Assurance Trusts Province;James Waller;725;2017-10-08;r&b;4.77
Adrian;Jodi Riley;98;2010-11-16;rock;2.19
Reward Facing;Sandra Landry;545;2016-06-26;rock;4.16
Arab Mi Sharing;Angela Bruce;93;2014-02-06;rock;3.8
Genes;Amanda Sparks;380;2018-06-20;hip-hop;2.95
Victorian Oils;Casey Bates;45;2010-05-04;jazz;5.31
Poker;Bryan Moran;514;2001-06-28;country;3.31
Cedar Initiated Folks;David Lewis;858;2020-01-23;electronic;4.91
Peas;Jeffrey Olsen;746;1993-03-27;electronic;4.86
Denver Layout Decide;Dawn Murphy;918;1998-01-30;jazz;3.49
His;Beth Mclean;760;1994-08-06;rock;4.16
Cms Outlook Advert;Holly Boyd;351;2007-12-21;country;2.44
Univ Activity;Rebecca Watkins;124;1995-10-23;electronic;3.23
Equity;Jeffrey Spencer;956;2002-04-27;blues;2.53
Do Fri Separately;Kendra Garcia;649;1993-10-03;country;2.36
Scheduling;Thomas Sullivan;787;2018-11-07;soul;4.65
Clothes Memo;Levi Stout;776;2021-03-01;pop;1.87
Shark Size;Kurt Schwartz;160;2005-07-25;blues;3.81
Brad Pregnancy;Cynthia Austin;161;1999-08-02;electronic;3.65
Max Cast Shell;Debra Cohen;946;2002-03-07;folk;2.55
Hunt Pray Classroom;Christina Nolan;196;2017-07-06;rock;2.49
Career;Amanda Williams;402;2005-08-04;folk;2.12
Announces Avon;Ms. Julia Williams;306;2015-04-26;folk;1.55
Lined Move;Jocelyn Bush;230;1993-08-29;pop;2.36
Dialogue Delhi Implications;Bradley Wood;180;2018-06-28;electronic;1.86
Reductions;Matthew Miller;867;2006-12-31;r&b;4.2
Supervisors Reached;Sarah Sims;506;2007-02-21;soul;4.13
Found Friday;Douglas Floyd;640;2001-07-06;folk;2.46
Audience Video Miss;Kimberly White;775;2021-04-30;soul;2.47
Laptops Sync Approximately;Allison Stone;644;2013-07-21;country;3.97
Mom Retirement Are;Douglas Dunn;323;2004-10-23;pop;5.17
Relating Play;Colin Peters;163;2000-05-04;soul;4.12
Reserved Rapid Sellers;Bryan Leach;661;2005-10-16;folk;2.03
Dt Setting;Sarah Peterson;180;2006-01-23;blues;2.19
Returns Clothes;Kiara Chandler;4;2010-08-21;rock;4.61
Oz;Andrew Moss;240;1998-04-25;soul;2.93
Mayor Printed Jean;Robert Morrison;982;2012-09-17;r&b;2.27
First Probe Readers;Joe Cook;76;2019-09-24;blues;2.52
Lancaster Hear;Jaime Chen;538;2016-11-27;r&b;3.28
Fc Magazines Outreach;Johnny Castillo;735;1997-06-11;soul;4.56
Installing Copyrighted;Sarah Cannon;958;2014-03-21;pop;2.68
Centre;Charles Robinson;46;2018-08-07;folk;3.51
Provided;Christopher Lane;878;2007-03-16;country;2.29
Vinyl;Donna Huynh;658;2013-07-23;r&b;2.55
Los Tribune Kazakhstan;Chelsey Lopez;377;2019-04-29;jazz;3.31
Unlike Antonio;Brett Cooley;614;2015-07-04;r&b;1.79
Kills Customized Scored;Cody Jenkins;414;2017-07-09;r&b;2.58
Partial Asset;Jerry Stafford;699;2015-06-21;jazz;4.91
Ordinance Randy;Mark Mora;534;2005-06-29;country;4.37
Fashion Webmaster;Stephanie Wilson;215;1993-03-27;pop;3.4
Penn Bool;Amber Randolph;814;2012-01-03;country;5.48
Punk;Dawn Barnes;701;2000-01-28;r&b;1.58
Molecules Administrator Highest;Beth Patterson;734;2014-11-22;classic;4.35
Optimize Kennedy Appreciate;Catherine White;601;2021-11-05;r&b;4.15
Fe Reforms Attendance;Anthony Mathews;723;1997-07-07;pop;5.38
Marvel;Dakota Walker;375;2002-06-30;rock;3.27
Arlington Ol Increases;Mary Tran;956;2006-04-30;country;2.16
H Flashers;Sheri Stevenson;205;2002-07-28;classic;3.49
Stations Verde Americas;Jamie Foster;794;2004-09-27;soul;2.75
Growth;David Velez;355;1996-02-22;country;3.38
Characters;Jodi Kennedy;577;1993-09-26;soul;5.08
Championships;Jennifer Thompson;227;1996-05-25;folk;4.52
Penalty Muscle;Amber Mckee;60;2019-02-27;soul;4.53
Forecast;Michael Liu;390;2020-07-18;r&b;3.53
Highways Tom;Aaron Davis;860;2005-03-09;blues;3.0
Budapest Column Lid;Arthur Moore;88;2003-05-29;electronic;1.63
Quote;Jacqueline Cole;822;2015-08-25;country;5.4
Slowly Jeffrey Switching;Danielle Owens;188;2015-08-11;jazz;4.05
Liechtenstein Refugees Jake;Michael Mckee;827;1999-12-23;country;4.88
Optional Understanding;Joan Bradford;495;2009-04-05;blues;3.37
Visa Takes Camcorder;Kimberly Chambers;143;2010-04-11;folk;3.68
Parents;Karen Weiss;494;1994-04-21;classic;2.86
Clark;Diana Lewis;506;2015-01-22;folk;2.57
Abstract Presentation;Sean Carter;829;2011-01-07;blues;3.99
Thank Alberta Exception;Kristine Nelson;628;2020-10-08;classic;4.79
Smilies News;Heather Jimenez;358;2007-11-17;folk;4.37
Moldova;Michelle Hopkins;470;2012-09-12;rock;4.3
Sees;Mark Jones;465;2013-03-03;folk;3.18
Word Taken Bread;Mario Stewart;143;1994-12-15;rock;4.99
Efficiently Instructional;Brooke Sellers;653;2003-08-21;blues;1.72
Hungry;Laura Bell;416;1994-11-21;blues;3.33
Layout Def Fireplace;Jeremy Obrien;240;2001-08-07;folk;4.5
Mas;Erica Ramos;779;2010-10-18;hip-hop;4.13
Needed Thick;Douglas Stephens;186;2003-01-15;electronic;5.03
Russia;Thomas Thompson;50;1994-03-11;folk;4.57
Hint Nhs;Tara Watts;347;2014-04-26;soul;2.12
Goods Tvs Reflections;Dana Stevens;763;1996-06-04;jazz;4.99
Room Alternate;Donald Gilmore;504;2013-01-19;pop;3.12
Normal;Justin Thomas;996;2005-05-01;electronic;2.66
Dated;Amanda Molina;75;2004-10-11;electronic;5.15
Exceptions Arthur;Jason Lewis;34;2007-01-09;rock;2.74
Jonathan Situated;Logan Frederick;516;2001-01-10;r&b;2.18
Ton Luxembourg;Lisa Roy;997;2017-06-18;folk;4.77
Temple;Diana Kirby;864;2002-05-10;country;2.81
Lab Willing;David Welch;907;1994-06-30;soul;2.45
Lets;Steven Martinez;267;1995-04-20;country;4.31
Technologies Calculate;Sheila Carroll;846;2000-10-04;electronic;4.21
Defining Mint Facility;Ashley Manning;785;1993-05-12;electronic;2.68
Yamaha Directive;Lauren Valdez;629;2019-01-02;country;3.62
Carl T;Morgan Mcfarland;351;2002-09-22;rock;5.02
Lithuania Centres Losing;Jennifer Jennings;378;2002-04-02;jazz;2.34
Epa;Manuel Phillips;490;2021-05-10;soul;3.19
Nigeria Posted Assessing;Monique Garrett;382;2020-07-08;electronic;4.81
Boots;Candice White;546;1993-11-16;rock;3.07
Affiliates Omega Investigators;Samantha Moore;743;2009-09-30;hip-hop;3.87
Jokes Web Angel;Brian Reyes;208;1994-12-30;classic;2.72
Mesh Thereafter Nurse;Michael Scott;330;2000-07-28;classic;5.01
Carroll Fri Fragrances;George Thompson;58;2005-12-16;rock;1.84
Engineers Partners;Jacob Reed;902;2021-08-09;pop;4.88
Sharp Uri Statute;Kristen Flores;540;2016-05-01;blues;4.72
Wordpress;Sarah Richardson;978;2012-08-03;r&b;2.63
Refugees Incredible Renewable;Daniel Moreno;734;2005-04-05;jazz;4.98
Recommend;Jason Thompson;105;2020-06-18;country;1.62
Consisting;Aaron Mack;726;2002-10-12;folk;3.4
Anaheim Divisions;Allison Richardson;710;2017-03-28;blues;4.44
Demonstrates Wishes Terrorism;Katherine Lee;118;1995-05-05;country;4.75
Highway;Craig Green;425;2021-12-19;jazz;4.23
Protest Corp;Aaron Howell;785;1996-02-07;folk;4.85
Flag Managing;Melissa Johnson;728;2007-12-29;folk;2.43
Heading Happens;Jordan Lee;248;2006-12-06;folk;4.89
Accessible Vinyl;Katrina Taylor;958;1994-01-10;rock;2.47
Signup Brothers;Michael Oliver;646;2021-08-27;blues;3.63
Lib Disappointed;William Jimenez;244;1997-05-05;rock;4.27
Mph Po;Kelly Ramirez;874;2007-12-07;soul;4.32
Cargo Congratulations Favorite;Danielle Decker;464;2008-10-23;folk;4.09
Flour;Yolanda Turner;963;1998-01-31;country;2.57
Supreme;David Stewart;110;2012-10-25;soul;3.92
Night Anchor Entity;Matthew Swanson;631;2010-08-27;pop;2.64
Wx Conservation Fares;Larry Christian;664;2002-08-05;jazz;4.2
Malpractice Unless;Mark Diaz;610;1994-03-14;hip-hop;2.84
Credit Em;Steven Cameron;2;1997-01-29;r&b;4.94
Gp Shut Numeric;Cody Jenkins;742;2009-01-26;blues;3.13
Kinda Voyeur;Shawn Zhang;315;1997-12-01;pop;2.34
Routes Representing Eddie;Daniel Castro;741;2017-03-09;classic;2.64
Case;Heather Ball;185;2005-10-12;jazz;4.21
Monster;Omar Brown;676;1996-09-19;rock;1.92
Champion;Jonathan Carlson;260;2015-04-21;pop;1.56
Survive;Mark Richards;442;1993-05-15;r&b;3.6
Angels Nova;Jeremy Chung;465;2004-01-24;jazz;5.09
Constitutional;Kevin Grant;650;2004-04-16;rock;5.48
Asus;Jason Moreno;111;2015-10-09;country;2.17
Etc Appliance Air;David Cook;59;2004-05-29;blues;3.34
Dried Officials Scheduled;Richard York;461;1995-11-21;soul;3.45
Physiology Onto;David Yang;234;1994-10-07;soul;4.34
Harbor Damage Metro;Kayla Bryan;466;1997-05-13;folk;2.35
Ca Winners;Wendy Arias;630;2004-04-25;rock;2.41
Represented Measurement;Alan Romero;449;2012-01-01;pop;4.46
Sacred Lib;Jasmine Turner;644;2008-06-13;electronic;4.36
Afghanistan Ship Hansen;Madison Hicks;167;2003-03-21;rock;1.72
Relying Opposed Possession;Kathryn Chaney;830;2003-04-23;jazz;2.77
Modems Alternate Supporters;Michaela Williams;167;2003-10-11;jazz;3.42
Jenny;Jamie Dixon;112;2008-10-19;jazz;2.48
Pod;Lynn Carlson;921;2012-06-25;folk;4.68
Direct Nintendo;Dr. Maria Garcia;26;2021-03-05;pop;5.02
Calculator Hidden;Mrs. Lisa Perry;173;1997-05-24;classic;3.03
Analyses Beliefs;Mackenzie Mayo;644;2021-08-29;soul;3.22
Advocacy News Feed;Kevin Davis;385;2000-07-12;rock;5.49
Harmful Skin;Kenneth Kennedy;839;1999-11-08;folk;4.19
Engineer Fancy Ni;Peggy Hernandez;66;1993-05-09;hip-hop;4.08
Xp;Morgan Douglas;277;2011-08-07;blues;1.89
Declaration;William Booth;25;2012-11-15;folk;3.09
Nonprofit Theories;Lindsey Walsh;296;2007-02-15;electronic;2.96
Driver Scanner Associates;Michael Gallagher;976;2011-10-30;electronic;3.89
Hampshire Brakes;Christopher Thomas;522;1993-09-10;r&b;5.38
Paintings Outlook;Michael Clark;729;2021-09-24;classic;1.63
Florence;Jaclyn Davis;36;2005-10-15;pop;3.62
Meters Rica;Christopher Myers DDS;507;1995-06-08;folk;2.42
Nathan;Paul Williams;961;2018-11-26;blues;2.29
Apollo Thousands;Gabrielle Day;361;1997-06-07;jazz;3.97
Anxiety;Kimberly Hudson;791;2014-03-27;classic;3.22
Nearest;Brian Gregory;210;2001-10-12;blues;3.96
Prefix;Rachel Schroeder;835;2013-08-19;jazz;4.19
Reliable Thomson Notion;Troy Garcia;156;2015-05-24;pop;2.74
Occurrence;Jennifer Leblanc;108;1993-09-25;hip-hop;5.17
Michael Him Dans;Angela Frederick;748;1997-08-18;rock;5.44
Vertical Pas Ev;Brendan Moss;686;2021-10-16;soul;2.01
Chef Computer;Todd Kramer;98;2002-09-19;blues;4.54
Forget;Sonia Perez;926;2000-10-16;rock;4.06
Laser;Robert Johnson;59;1999-07-21;folk;3.48
Acting Crap;Claudia Lewis;704;2014-02-05;jazz;3.87
Santa;David Flores;927;2007-11-10;folk;5.29
Malaysia Contacting December;Cheryl Brennan;516;2020-06-11;soul;3.42
Said;Melissa Soto;839;1993-08-02;r&b;2.22
Turned Tough Ma;Tina Wyatt;115;1996-02-26;rock;3.98
Transcript Screenshot;Natalie Harmon;485;2012-04-23;soul;4.04
Evidence Thursday Benchmark;Betty Parrish;490;2009-03-08;pop;4.03
Membrane Ethics;Carlos Williams;294;2008-05-17;pop;3.97
Pleasant;Thomas Ramos;507;2011-05-07;jazz;3.01
Lt Electronic;Jordan Phelps;91;2005-10-13;soul;5.43
Speaker Chick Contribution;Kara Perry;337;2010-01-19;electronic;1.69
Frankfurt Walking Mysterious;Michael Reese;401;2001-12-06;r&b;2.26
Stephen Eleven;Anne Reyes;682;2003-07-01;country;4.94
Mouth Straight Insights;Olivia Ray;291;2012-09-02;jazz;4.96
Hypothesis Avoid;Sandra Powell;166;1996-04-15;r&b;2.15
Cottage;Vicki Williams;958;2004-06-08;r&b;2.14
Ministers Floors;Jeff Fowler;273;2002-10-04;hip-hop;1.81
Bite Default;David Lopez;996;2011-08-26;classic;3.07
Picked Milan;Keith James;217;1994-11-15;hip-hop;2.76
Mississippi;Nancy Murphy;170;1997-05-16;rock;2.37
S References;Veronica Ferguson;394;1995-11-22;rock;4.19
Renewal;Paula Reynolds;943;2020-03-06;country;4.63
Confidential;Nathan Townsend;352;2012-10-17;jazz;4.75
Launch Trademark Developmental;Anthony Saunders;796;2003-05-11;hip-hop;5.45
Commit Elections;Kathryn Ryan;987;2000-06-04;soul;1.65
Recorded;Rebecca Pratt;601;2015-04-10;folk;2.27
Matt Moon Form;Beth Powell;770;2004-02-23;rock;4.45
Jobs Beverage;Tracey Jones;521;1994-05-07;r&b;3.55
Concord Bite Thrown;Gerald Hoover;604;1994-06-09;country;2.21
Cope Refine;Rebecca Gutierrez;292;2004-02-06;jazz;5.21
Robinson Heading Wanting;Alan Davis;982;2020-10-23;hip-hop;1.84
Clothing;Austin Smith;88;2001-01-19;hip-hop;1.52
Stuck Casa Brother;Katie Smith;248;1992-12-24;folk;2.65
Owen;Derek Martin;896;1993-08-28;jazz;2.21
Lil Cars;Kyle Miller;498;2005-04-01;folk;1.85
Author Organisations Blocking;Ronald Green;67;2008-11-16;classic;3.31
Diseases;Kelsey Nelson;560;1998-11-21;hip-hop;4.29
Qualified Mfg Erp;Amanda Carter;51;2016-02-20;classic;4.8
Mar Bathroom;Matthew Flynn;337;2002-06-30;jazz;2.6
May Phillips;Jacob Bates;666;2014-06-18;r&b;3.24
Cleveland Compare Artist;Alicia Reyes;775;2009-12-24;hip-hop;1.81
Pound;Pedro Estrada;96;2018-11-17;country;3.77
Sheep Grad Reasons;Joshua Alvarez;108;2019-08-09;classic;2.14
Purchases Threesome;Alexander Sanders;875;2006-04-11;r&b;1.78
Proc Tragedy;Kayla Frank;725;2012-05-29;blues;5.28
Informative Entertaining;David Osborne;423;2021-01-17;blues;2.32
Permitted;Randy Henson;199;2015-11-19;r&b;5.43
Cholesterol Largest;Sandra Phillips;280;2000-05-27;pop;4.16
Crowd Ambien House;Isaac Diaz;27;2002-04-03;folk;1.97
Leg Fa;Michelle Melton;386;2016-05-30;classic;2.1
Loved;Amanda Davis;456;2013-01-20;r&b;3.85
Advisory;Krystal Hampton;762;2000-09-15;pop;4.36
Lopez;Ashley Carey;738;2001-06-09;rock;3.84
Destroyed Altered Ex;Brian Oconnor;873;2013-09-14;r&b;3.24
Perry Trio;Renee Marks;196;1994-05-29;pop;5.09
Hockey Sms;Cassandra Torres;892;2012-11-20;rock;4.44
Deputy;Erika Martin;696;2001-04-18;r&b;1.6
March;Sharon Vasquez;133;2021-07-02;hip-hop;3.68
Disease;Anthony Cochran;779;1997-10-04;pop;4.86
Common Closes;Jose Shaw;862;2018-06-23;soul;4.17
Mouth Disciplines Compensation;Emily Espinoza;888;2016-01-24;soul;5.31
Scotia;William Gonzalez;659;2018-01-09;hip-hop;2.94
Push;Michelle Burgess;432;1998-03-10;classic;4.44
Foundation Programmes Cordless;Kendra Sampson;23;2000-09-23;electronic;3.63
Novel Registrar Australian;Charles Hubbard;788;2005-06-12;pop;1.84
Particular;Michelle Griffin;505;1998-04-30;country;4.02
Ef;Sarah Perkins;765;2013-02-26;jazz;3.52
Montana Preparing;Sharon Fields;187;2017-12-19;jazz;2.35
Metadata;Heather Clark;899;2007-05-25;classic;2.37
Successful;Carol Roberts;1;2005-05-22;hip-hop;4.89
Luther;Amanda Brown;839;2015-06-06;r&b;1.84
Integrity;Victor Chapman;280;2020-09-09;classic;3.57
Scale Publications;Adam Baker;716;1994-11-15;jazz;1.74
Boy Communications;Brian Ramirez;284;2001-01-19;classic;5.11
Visits Queue;Theresa Rice;250;2009-06-01;electronic;3.89
Housing Ghz Two;Julie Johnson;975;2018-12-01;pop;2.48
Move Audit Clinical;Melissa Green;438;2014-03-06;r&b;5.44
Ftp Approve;Charles Garrett;353;2021-01-15;blues;4.63
Conference Instructor;Jason Smith;880;1997-06-18;electronic;4.8
Md Library;Mitchell Potts;272;2018-09-24;jazz;3.04
Candy Room Looking;Randy Caldwell;603;2014-10-09;classic;2.07
Parking;Erin Wilson;783;2002-08-08;blues;3.52
Presents Filters Dish;David Whitney;962;2005-09-23;electronic;2.47
Regularly Gathering Trading;Cindy Gray;741;2007-12-21;classic;3.21
Leo;David Carter;844;2000-12-16;r&b;4.35
Saturday Legally Restaurant;Kimberly Everett;209;2002-07-10;blues;2.11
Volume Ports Cement;Jimmy Smith MD;507;1998-04-20;pop;1.59
Character;Cheryl Carter;213;2022-08-29;rock;3.84
Tremendous Guyana;Andrew Rivera;764;2008-03-20;classic;2.44
Championship;David Dunn;701;1996-02-16;rock;3.34
Distinction;Hannah Lee;674;2021-06-27;country;2.3
Journalists;Tracie Perry;996;2001-07-23;classic;5.34
Drawing Sip Amazon;Michael Chen;646;2003-09-25;rock;4.02
Premier Preparing Significantly;Patrick Hernandez;194;2011-08-22;pop;2.45
Netherlands Recommendation Whose;Anthony Gomez;34;2000-05-29;country;5.44
Test;Christopher Williams;614;2010-09-12;electronic;2.46
Palmer Millennium;Dale Bowen;659;1992-09-28;country;2.45
Appointments Ns;Joseph Taylor;491;2016-10-02;electronic;3.72
Invoice Baltimore Lung;Jacqueline Sellers;923;2016-08-16;jazz;5.48
Much Consumption;Samantha Garcia;41;2010-08-21;r&b;2.22
Viewing Joined;Mark Boyd;334;1998-03-23;soul;2.21
Publishers Heavy;Ms. Michelle Reynolds;509;1996-11-07;soul;3.37
Master;Lori Carroll;900;1997-06-17;jazz;3.03
Entering Electoral;Michael Roberts;941;2011-02-07;electronic;1.73
Transfer Swimming Existing;Kenneth Barnett;950;2005-10-04;classic;4.87
Conditioning Medline;Tamara Marquez;197;2012-11-04;r&b;2.85
Jennifer Consecutive;Elizabeth Cline;525;1998-05-25;jazz;5.12
Museums Hydraulic Lite;Courtney Alexander;166;2019-06-04;classic;2.47
Chi Framed Picking;Benjamin Barry;336;1999-08-22;rock;3.9
Hundreds Tim;Kathleen Munoz;239;2013-06-20;soul;4.67
Atmosphere;Dr. Nicholas Randall MD;656;2011-01-08;r&b;2.63
Argentina;Jacob Richards;524;2016-01-17;folk;2.95
Scenarios Yo Concluded;Kimberly Griffin;630;2003-03-10;electronic;4.15
Specials Thumb;Jeff Mitchell;392;2011-12-25;electronic;4.54
Sentence;Hunter Potter;435;2016-03-17;hip-hop;4.78
Bargains Article;Alan Thomas;3;2003-02-02;soul;2.32
Lands Significance;Thomas Johnson;210;2011-07-08;r&b;2.49
Mistress Intensive Aerospace;Courtney Estes;388;1995-01-08;country;4.92
Forward Lycos Password;Kevin Garcia;664;2009-05-02;electronic;3.1
Micro Veterans;Allison Johnson;616;2019-07-25;rock;4.51
Chance;Dr. Mary Duran DDS;315;2009-09-02;hip-hop;4.74
Ment Peripherals;Dustin Rasmussen;508;2007-08-20;folk;4.06
Rep Accompanying;Richard Walker Jr.;678;2018-03-19;rock;4.92
Causes;Holly Meyer;244;2003-05-03;hip-hop;4.63
Send;Daniel Christensen;236;2017-08-25;hip-hop;3.62
Qui;Kevin Quinn;593;2003-01-25;rock;4.36
Moore Writings Grounds;Karen Price;153;2008-06-25;rock;5.11
Updated Athletics;Donald Salinas;376;2002-10-14;folk;2.0
Adventures;Kelly Crawford;550;2016-11-02;blues;3.41
Nightmare Patrol Confident;Sherry Anderson;361;2004-07-09;hip-hop;3.5
Infection;Stephanie Hayes;868;1993-05-15;hip-hop;2.21
Mary;Dr. Benjamin Williams;594;2016-09-06;pop;3.83
Subsequent;Emily Gibson;224;2017-03-15;hip-hop;2.55
Moment;Cole Robinson;496;2001-09-25;country;5.47
Replaced Worship Lighting;Brian Carpenter;61;2014-08-07;electronic;4.64
Rating Display;Anthony Humphrey;401;2010-01-02;country;1.89
Summit Deadline Screenshots;Derek Moore;323;1993-05-24;r&b;4.85
Spanking Burke;Gary Flores;555;1993-10-29;soul;4.9
Geek;Samantha Mccormick;442;1995-05-04;r&b;2.25
Beginners Ordinance;Sheri Davis;421;2013-12-11;pop;4.19
Invalid;Judith Adams;187;2006-09-24;country;2.51
Dispatched Quickly;Matthew Miller;346;1995-03-12;r&b;2.05
Ground Cruises Software;Kelly Gallegos;508;2016-08-25;blues;4.75
Closure;Taylor Forbes;375;1999-05-30;jazz;3.15
Clarke;Dawn Snyder;489;2001-02-02;hip-hop;2.92
Prozac Lock Nelson;Paul Cox;862;2000-08-21;hip-hop;1.88
Upc;Marcus Brown;831;2020-03-03;classic;4.19
Risk Invited;Joshua Lucas;65;1993-12-29;blues;3.33
Fog Asian Hughes;Benjamin Washington;686;2010-11-14;country;1.54
Nobody Cycle Shirts;Kevin Yates;686;2022-03-10;classic;2.03
Close Algebra Refers;Vincent Harvey;735;2020-12-06;r&b;2.34
Says Trio;Stacey Watson;999;1995-05-25;jazz;4.6
Bp Trailers Drum;Barbara Valdez;715;1995-03-09;jazz;2.06
Pp Viii Sigma;Shannon Jenkins;420;2011-12-28;electronic;4.37
Episode Gibson;Brenda Fitzgerald;182;2011-12-29;classic;5.41
Individually;Karen Miller;606;2013-06-25;pop;4.27
Sun Inputs;Brian Garcia;198;2009-04-01;country;1.6
Partner Webmaster;Dr. Katrina Shields PhD;894;1995-11-21;soul;5.29
Cornwall Explain Invoice;Willie Young;944;2010-06-10;rock;3.98
Ak Ferry;Glenn Spears;569;1995-02-06;jazz;4.71
Tomatoes;Anna Mills;230;1995-09-02;blues;4.86
Vessel Nurses Wheat;Martha Goodwin;81;2015-01-24;soul;1.53
Indexes;Duane Crawford;658;1999-08-16;rock;4.54
Rush Modes;Samuel Davis;569;2018-08-11;classic;2.53
Preferences;Jennifer Mejia;937;2014-08-14;r&b;2.22
Maternity Times Queen;Kevin Patel;559;2007-04-22;folk;3.83
Min Dryer Appraisal;Michael Hendrix;320;2020-04-23;folk;1.98
Bugs;Hannah Cruz;194;2004-01-27;blues;2.37
Satisfied Tie;Veronica Schneider;740;2018-04-11;r&b;2.25
Happiness Solaris Weekly;Amanda Knox;616;2015-11-24;classic;2.79
Islamic Dash;Andrew Fox;245;1998-12-29;pop;4.45
Republicans;Allison Long;601;1996-06-23;blues;3.49
Movies Beverages;Todd Wiley;152;2011-05-26;hip-hop;3.12
Surplus;Victoria Fox;881;2008-06-17;hip-hop;4.08
Reset Directories Gun;Colin Morgan;491;2015-09-25;classic;3.42
Party;Shannon Evans;712;2020-07-05;rock;2.82
Winter Others;Jacob Duncan;101;2000-10-04;r&b;3.89
Heights;David Martin;653;2017-01-23;folk;4.74
Coordinated;Zachary Galvan;292;2012-09-09;folk;5.32
Losses;John Freeman;201;2014-11-19;pop;5.14
Torture Careful;Anthony Johnson;810;2012-07-26;classic;5.24
Trends Frequency Ir;Jill Jones;537;2011-01-15;hip-hop;4.69
Ebony Riverside Infants;Blake Garcia;298;2014-05-24;r&b;3.84
Max Valve;Stephen Bishop;655;2011-07-16;blues;3.1
Physiology;Tonya Mcbride;9;2017-03-20;blues;1.91
Equal;Carol Edwards;457;1992-12-28;soul;4.79
Predict Pentium;Madison Turner;623;2011-12-28;blues;2.53
Perfectly Grande;Dr. Lori Garza;356;2001-10-27;hip-hop;5.0
Producers;Stephen Allison;547;2016-10-17;blues;5.15
Trusted Ministers;Anthony Ferguson;727;2017-01-21;pop;4.46
Cc Waterproof;Dennis Harvey;628;2004-01-01;rock;2.6
Deleted Movers Fans;Andrew Kelly;216;2006-03-24;classic;4.88
Shareware Broadway Seasons;William Green;220;2010-10-06;soul;3.38
Artist Tested;Larry Archer;170;2000-05-03;classic;3.07
Cest Continuously;Richard Haney;741;1994-10-10;blues;2.07
Pa Railway;Julia Cabrera;39;2000-06-16;classic;3.39
Salem;Dustin Ruiz;139;2015-12-27;jazz;3.95
Mario File;Katherine Rivera;819;2011-12-09;jazz;1.56
Deutschland Guinea Eau;Heather Chen;623;1996-04-10;r&b;2.89
Guyana;Molly Jackson;321;2007-01-31;blues;4.25
Photo Michigan;Noah Edwards;177;2010-06-13;blues;1.83
Rack Beverage;Julie Stone;724;2011-09-19;folk;3.03
Nl Knew Iceland;Brandi Crane;621;2021-01-04;pop;4.98
Grey Based Myth;Jessica Roberts;82;2000-06-25;hip-hop;3.43
Rate Milton;Michelle Mccarthy;996;2019-01-15;classic;5.25
Dealers Preceding;David Morton;296;2019-06-08;pop;1.82
Commons Monitors;Lisa Yang;769;2021-07-07;electronic;2.51
Ser Incomplete Frequently;Joseph Cruz;934;2005-10-24;rock;1.7
Possibly;Andres Wheeler;763;2011-04-29;jazz;3.81
Companies;Tanya Miller;912;2020-05-29;r&b;2.38
Radios;Helen Peterson;739;2020-12-06;rock;3.78
Earth Suck Pop;Lisa Thompson;247;2018-04-12;soul;5.06
Wn Beauty Peterson;Angela Cooke;778;2004-03-13;soul;1.92
Identify Cam;Mrs. Joann Austin DDS;331;2017-07-19;hip-hop;3.49
Mg Principle Band;Jessica Wallace;335;2011-12-29;electronic;3.51
Gained;Mark Floyd;313;1998-07-06;soul;1.97
Appointments;Stephanie Mcconnell;958;2021-11-07;pop;3.9
Citizenship Pmc Weddings;James Marshall;928;2002-11-12;electronic;4.23
Ghz;Abigail Jones;610;2022-03-15;r&b;3.53
Stamp Oil Source;Tristan Lam;983;2009-01-21;r&b;3.27
Battlefield;Rachel Smith;621;1997-01-30;blues;3.95
Gnome Darkness;Amy Mays;566;2000-06-02;country;2.45
Rider Rates;Jeanette Young;698;2007-10-25;classic;3.91
Player Specially;Wayne Walls;974;2008-08-15;folk;5.02
Gt;John Smith;389;2005-11-13;blues;2.92
Reveal Transaction;Matthew Smith;829;2000-11-01;pop;1.95
Limitation Oct Lecture;Brandi Castillo;152;2012-09-05;r&b;3.32
Restrict;Don Watson;465;2001-04-21;soul;1.81
Scholar Sk Alternative;Danielle Anderson;581;2007-05-12;classic;3.85
Parts;Kelly Church;545;1997-11-17;pop;3.99
Refinance Factors;Joshua Lee;570;1999-03-10;r&b;5.27
Analytical Nest;Lauren Roberts;62;1996-09-17;classic;5.23
Maryland Accuracy Pricing;Christopher Terrell;693;2004-08-24;r&b;2.66
Pension Marriott Updating;Renee Roberts;926;2002-08-31;classic;3.81
Reflections Reminder;Matthew Morris;939;1993-01-06;jazz;2.86
Specializing Shoe;Cynthia Carter;551;1995-12-29;jazz;4.62
Finding Optics;Crystal Rivera;173;2015-07-20;soul;3.22
Everywhere Updated;Roberto Taylor;56;1999-04-23;hip-hop;3.83
Movement Louis;Colleen Fernandez;479;2010-10-22;pop;3.88
Seconds Contrast Bowling;Erik Carr;490;2006-12-17;folk;3.44
Creature Measures;Adrian Curry;440;2008-04-26;country;3.54
Au;Julia Ayala;732;1994-05-02;electronic;3.97
Favorite Brian Believed;Brandon Robertson;664;2020-02-23;blues;1.56
Around;Donald Williams;13;1997-01-16;soul;3.78
Feels Towards Scholar;Michael Miller;61;2020-02-27;r&b;4.96
Effective Advantage;Kathleen Garza;651;2000-10-03;rock;2.94
Ab;James Rogers;723;1994-05-28;folk;4.97
Michel Merry;Fred Leonard;262;2018-03-26;folk;2.9
Animation African;Sheri Mcgrath;269;2015-01-03;blues;3.89
Arise;Andrea Moody;364;1996-03-04;rock;2.91
Re Mentioned;Ronnie Watkins;104;2004-10-01;jazz;4.81
Diverse Dies;Jennifer Sandoval;471;2004-05-18;country;3.43
Simply;Stacey Thomas;530;2015-03-08;jazz;4.21
Harassment Decision Collector;Sydney Thompson;671;2002-09-01;country;4.08
Porsche Singapore;Christopher Maxwell;818;1995-10-26;electronic;3.16
Baking;Brian Coleman;70;2017-10-01;country;3.61
Cod Bloomberg;Patrick James;369;2006-01-04;folk;2.34
Flex;Cynthia Townsend;611;2001-11-03;folk;4.74
Garden Brain Style;Daniel Ortega;424;2014-06-26;rock;2.64
Lp Earn;Jennifer Spencer;799;2005-04-20;rock;2.42
Underwear Visits Hansen;Angela White;43;2010-06-05;blues;1.85
Paying;Christopher Davila;994;2002-05-23;pop;4.51
Reasonable;Jason Oliver;538;1997-01-05;folk;2.36
Scientists;Greg Wright;826;1992-12-06;electronic;3.07
Fiscal Authors;Jennifer Robbins;414;2013-07-09;classic;4.9
Send Ons;Sonia Morrow;67;1993-07-16;hip-hop;2.3
Follows Gordon Naughty;Shannon Gregory;452;2003-10-26;classic;3.42
Bs Foto Problem;Debra Rowland;51;2013-01-19;folk;3.32
Independent Height;Lisa Marshall;62;2019-10-10;soul;4.33
Pig Foam Feeds;Tammy Carney;689;2006-06-24;soul;1.64
Seminars Devon Sitting;David Gonzales;403;2004-08-19;blues;1.81
Stunning Stephanie;Sean Moreno;36;2020-07-06;blues;3.47
Cn Thanksgiving Cleveland;David Patrick;35;1995-12-08;electronic;1.85
Complications;Stefanie Wall;218;2020-10-16;soul;5.26
Decor Crystal;William Hernandez;913;2007-06-02;jazz;3.13
Installed Tries Screen;Gloria Burton;162;2014-01-22;r&b;2.13
Required;Thomas Brown;78;2021-07-31;blues;3.17
Realm;Ryan Cox;915;2009-02-27;r&b;3.21
Academy Charged Definitely;Brian Ramsey;448;1994-06-17;electronic;2.19
Because Columbus;Ronnie Williams;400;2011-10-28;jazz;3.31
Pilot;Monica Harris;27;2018-06-18;hip-hop;4.91
Now Exceptions;James Gonzalez;470;2010-08-05;rock;5.3
Sponsor Linux Cinema;Crystal Gutierrez;555;2008-07-23;rock;4.78
Wholesale;Nicholas Robinson;797;2021-03-11;rock;4.11
Marilyn;Kim Hardin;917;2018-09-05;country;2.0
Nominated Cart Plane;Jacqueline Rivera;13;2003-11-10;blues;2.84
Indicate;Sarah Wilson;41;2019-11-13;blues;3.84
Amsterdam Exposure;Michael Edwards;894;2002-07-30;rock;4.52
Acre Hitting Reasonably;Mary Brown;555;1997-11-02;r&b;4.77
Contrast Hp Frankfurt;Kimberly Murphy;180;2002-05-21;jazz;3.95
Visa Signatures Painful;David Walker;592;2013-11-24;soul;3.92
Profession Nano Maternity;Thomas Gordon;828;1998-11-11;pop;4.82
Partners Promotes Function;Tommy Morgan;502;2016-06-27;electronic;3.75
Gif;Tiffany Smith;818;2019-10-17;rock;4.15
Loans Periodic Crucial;Laura Foley;883;2021-01-10;rock;4.09
Finite Reveal;Melissa Black;608;1999-04-07;soul;3.11
Create Wellington;Paul Hayes;731;2010-09-30;blues;5.47
Monte Favors Ordered;Kimberly Rice;480;1995-03-25;electronic;4.08
Regulation Spent Distribute;Wanda Morris;478;1995-08-28;jazz;4.86
Towards Fwd Died;Noah Casey;257;1997-07-29;electronic;3.72
Sight Harley;Brittany Dean;857;2006-10-17;jazz;3.03
Capable;Michelle Brooks;783;2008-05-22;country;2.43
Global;Jason Rivera;529;1993-05-19;pop;3.84
Circuit Jet;Brenda Hernandez;52;2018-07-28;classic;2.12
Alien Rider;Jeremy Smith;798;2000-05-14;folk;3.18
Um Api Shaft;Kevin Chavez;727;2007-03-13;electronic;2.11
Joke Piece;Sarah Walker;917;2013-11-23;country;5.21
Thomson Gambling;Gregory Brooks;883;2019-07-21;classic;2.2
Introductory Happy;Jessica Stevenson;844;2004-05-17;hip-hop;4.73
Rfc Scanned June;Gabriel Rodriguez;112;2022-05-10;soul;2.81
Sigma Produced;Alexandra Simmons;924;2018-11-21;pop;4.91
Fits Madison;Dillon Brown;222;2004-09-20;pop;3.06
Wellness;Victor Carlson;207;2010-12-02;rock;1.67
Lamps;Taylor Harding;136;2011-06-28;hip-hop;3.5
Parliament Mail Bumper;Colleen Clay;881;2003-02-24;soul;4.96
Activated Te;Peter Quinn;546;2019-06-21;rock;3.95
Fat;Desiree Johnson;545;2000-05-17;jazz;2.41
Editing Authorities;Ethan Duncan;411;1999-11-16;pop;3.98
Bone;John Lynch;186;2006-11-24;pop;5.33
Fraser Receivers;Willie Byrd;375;2002-05-23;pop;3.87
Lancaster Animal;Denise Kennedy;222;2006-12-24;rock;5.03
Chances;Brian Simmons;716;1997-01-16;rock;5.4
Root;Ronald Bradley;447;2021-01-29;folk;3.09
Rule;Monica Cortez;729;1996-12-17;pop;3.13
Vertical;James Powell;721;2008-04-01;country;2.47
Floors Dentists;Jerry Wilson;520;2000-02-14;blues;3.88
Studying Skype;Ashley Moore;290;2021-06-26;r&b;4.37
Sq Fist;Nathan Simmons;190;2013-06-11;rock;2.68
Activity;Dana Carey;952;2020-11-03;blues;4.94
Introduction Queen;Michael Hendricks;56;2020-01-31;country;3.03
Mate Senator;Felicia Mccall;874;2009-10-10;hip-hop;1.61
Leads Faces;David Adams;929;2012-07-28;rock;3.95
Compile Poker Alt;Kayla Nolan;503;2007-10-02;hip-hop;3.66
Toy;Madison Leach;991;1994-04-06;pop;1.94
Panama;Matthew Sweeney;955;2019-02-11;pop;2.19
Plus Ima Weblog;Joseph Knight;371;2009-06-19;r&b;4.78
Miles Public;Jason Bowman;778;2013-11-30;country;4.19
Thriller Immunology;Michelle Humphrey;244;1992-10-12;jazz;2.06
Committed Za;Veronica Wolfe;524;2009-03-29;electronic;2.11
Rebel Melbourne;Christopher Young;185;1996-08-31;country;2.6
Also;Wesley Durham;840;2010-09-12;classic;3.8
Orchestra U Butler;Steven Bass;2;1996-02-05;classic;4.75
Js Telecommunications Maine;Nicolas Fox;933;2005-03-21;pop;4.21
Promptly;Carla Miller;322;2020-05-05;r&b;4.07
Plymouth Shannon Magical;Sheila Gardner;684;2021-05-01;pop;5.46
Died Ass Pittsburgh;Laura Torres;432;2018-07-10;r&b;4.83
Visited;Barry Davidson;826;2016-08-08;rock;3.48
Omissions Encouraging;Benjamin Hays Jr.;853;2019-08-09;classic;4.8
Composite Petroleum;Dr. Ruth Smith;793;2015-12-26;rock;3.26
Grades Pins;Gloria Sanders;551;2005-06-11;electronic;4.24
Girls;Nathan Sanchez;258;2018-10-13;jazz;3.08
Stylish Individuals;Charles Perkins;534;2008-01-18;jazz;2.14
Lands Moss Electron;Benjamin Summers;315;1999-10-06;r&b;3.17
Pleasure Webshots Plaintiff;Dawn Hamilton;880;2006-08-26;r&b;5.37
Costa Asia Adapters;Lisa Fisher;380;2005-02-01;blues;4.87
Overall Healthy;Patricia Riley;289;1996-11-25;rock;2.66
Muslim Pc Creatures;Jeanette Miller;592;2011-03-11;r&b;5.32
Lady Valves Degree;Jeremy Rodriguez;897;2018-06-06;folk;1.94
Thriller Florence;Colton Miller;613;2013-11-10;country;4.45
Lewis Sharp Illinois;Edward Thornton;598;2007-08-06;electronic;3.34
Choice;Heather Nelson;85;1998-02-20;hip-hop;2.65
Ted Animals;Tonya Hill;495;2021-12-10;jazz;3.68
Paintings Visiting;James Lewis;2;2002-06-03;r&b;3.14
Apparatus Sophisticated Toys;Heather Rodriguez;199;1994-12-23;rock;4.78
Round;Nancy Smith;467;2000-10-13;hip-hop;5.24
Mysimon Cst;Daniel Rivas;4;2022-05-10;electronic;5.18
Arch Jacob;Edward Petty;873;2006-04-04;jazz;3.94
Dna Atlantic Trip;Laura Allen;74;2018-08-24;hip-hop;5.36
Charleston;Christian Heath;903;1993-11-20;pop;4.13
Anne;Andrew Kelly;417;2021-09-07;pop;1.51
Marker Affiliates Trim;Kathryn Walls MD;947;2014-01-04;jazz;4.28
Jennifer Assume;Mrs. Robin Cole MD;203;2005-10-06;folk;4.45
Assessed Keen;Danielle Peterson;929;1997-09-07;r&b;4.49
Vista Adoption Prison;Katrina Smith;142;2021-12-27;classic;1.58
Version;Julian Nichols;861;2002-03-20;folk;4.06
Streets Combine;Lisa Avila;982;2004-10-02;pop;1.92
Celebrities Dts Destruction;Kathryn Williams;784;2016-11-12;folk;1.73
Obesity Observations;Denise Johnson;999;1999-02-16;pop;4.01
Foods Johnny;Ronald Oconnor;167;2014-07-07;rock;1.93
Wyoming;Chelsey Bird;214;2003-01-14;hip-hop;3.22
Iceland Butt;Jennifer Valencia;43;2018-03-13;pop;2.43
Fate;James Turner;37;2006-09-05;jazz;3.43
Sold Sheer;Morgan Smith;570;2000-03-13;classic;3.19
Illness;Patricia Olson;267;2021-03-20;country;3.01
Enable Adjacent;Kathryn Hodges;817;2001-01-09;rock;3.78
Burke;Amber Johnson;76;2017-08-01;hip-hop;2.37
Forget Richards Lance;Monica Lowe;539;2009-10-11;classic;3.04
Paragraph Inexpensive;Theresa Thomas;950;2002-06-28;folk;3.93
Tongue Validation;Matthew Jimenez;41;2003-08-18;r&b;5.26
Avenue;Mrs. Janet Wolfe MD;412;2021-01-23;blues;3.35
Nyc Blues Championship;Monica Rodriguez;376;2017-08-30;pop;4.27
Cod Scientists;Terri Bradley;677;2002-01-31;pop;2.5
Bike;Amanda Salazar;514;1999-03-11;country;4.5
Badge Exhibitions Evaluation;Vincent Medina;36;2014-06-13;hip-hop;2.59
Undertake Stewart Mess;Stephen Wells;883;2017-09-22;r&b;2.1
Constructed Pix;Amy Davis;347;2000-03-01;blues;4.74
Bacterial Hands;Tyler Snyder;439;2007-04-15;hip-hop;2.86
Accent Decided;Marie Townsend;44;2012-10-28;rock;2.22
Basin Briefs Flight;Alyssa Moses;454;2000-11-29;hip-hop;4.0
Widely;Patricia Garcia;305;2010-11-29;country;1.82
Torture;Daniel Fleming;349;2015-09-20;r&b;3.1
Cams Diversity;Helen Underwood;306;1997-09-10;classic;3.55
Rule Str;Margaret Lang;62;2007-03-10;soul;2.96
Investing;Tina Green;850;2003-11-13;folk;4.36
Gibraltar Forward;Rachel Williams;147;2004-10-25;classic;3.85
Temp Joy Romantic;Christopher Wagner;742;2011-08-12;country;4.86
Brandon Faq Rat;Christine Goodwin;675;2010-02-23;electronic;3.08
Rules Cpu;Matthew Baker;158;2007-01-13;country;3.9
Watershed;Donald Crawford;766;1995-09-13;r&b;4.04
Temp Frederick;Pamela Hernandez;953;2017-11-19;rock;3.86
Builds Makers Commands;Jennifer Dunn;957;1999-07-24;r&b;2.06
Austria Mtv;Lindsay Collins;147;2013-10-26;hip-hop;1.95
Supplemental Yugoslavia;Alexis Stokes;807;2005-03-21;pop;2.49
Queens Closing Powerful;Allison Johnston;72;1997-10-08;jazz;5.31
Logs Reasonable Trades;Patrick Russell;477;1999-06-18;pop;2.03
Verde Aggregate;Mark Clark;813;2012-07-23;classic;2.51
Villages;Michelle Thomas;676;2005-08-06;electronic;2.78
Venture Stack;Christina Scott;126;2020-05-15;rock;4.84
Goods;Adam Pierce;207;2018-08-23;country;2.15
Illness Prime;Kelly Silva;312;2016-06-28;hip-hop;3.62
Trading Renewable;Kimberly Brown;356;2013-10-25;hip-hop;4.49
Providence;Lindsay Short;193;1995-11-05;folk;3.72
Integrating;Cory Luna;179;1996-08-01;pop;4.53
Printable Accredited;Debra Scott;754;2002-01-18;hip-hop;3.29
Upskirt;Mark Thomas;781;2008-09-07;country;3.03
Payday Interviews;Dustin York;233;2019-02-08;hip-hop;2.12
Passion Filme Today;Joshua Zhang;593;2021-05-29;folk;2.61
Leading Boston Submitting;Brian Alvarez;573;2020-07-18;country;3.72
Surfing Coordinate;Victoria Torres;282;1993-07-10;blues;1.94
Poet Errors;Robert Mitchell;888;2008-02-22;classic;3.99
Ex Pdas;Matthew Stevens;85;2009-03-04;jazz;2.59
Oc Calcium Month;Samantha Perry;515;2018-01-09;folk;4.8
Espn Assigned;Alexis Gonzalez;538;2019-07-08;classic;3.25
Divorce;Stephanie Oliver;840;2011-10-04;jazz;3.44
Gamespot Modules;Andrew Moran;919;2003-05-25;rock;2.27
Fireplace Heather;Lisa Buckley;162;2002-09-19;folk;2.08
Dispatch Very Travelling;Eric Alvarez;716;2003-08-26;folk;3.48
Abu Hide;Laura Torres;271;2021-08-07;blues;3.59
Plane Sleeping;Timothy Simpson;725;2007-10-15;rock;2.47
Wr Stand;Omar Brown;372;1999-05-12;pop;4.82
Daughters Beauty;Michelle Garcia;494;2006-02-07;electronic;2.7
Command Herbs Gates;Gregory Walsh;362;2002-08-09;r&b;3.0
Commons Median;Brian Gonzalez;822;2005-04-08;folk;3.57
Bacterial;Cynthia Kennedy;749;2022-01-26;electronic;3.92
Spanking Croatia Gamma;Leah Wilson;171;2016-08-10;pop;1.65
Heat Adjustable;Michelle Bennett;692;2002-11-22;r&b;2.6
Accuracy Soccer;Gregory Watts;857;1996-03-09;folk;2.28
Richardson Somewhat;Michael Stevenson;405;1998-04-19;classic;3.57
Azerbaijan Clay;Valerie Jones;269;2008-08-30;blues;1.65
Phantom Flex;Robert Bradshaw;412;1998-11-20;blues;3.0
Cuts Blessed Gis;Teresa Henry;404;1998-08-08;electronic;2.33
Garage;Jill Silva;614;2005-01-15;soul;1.8
Spyware File;Jacob Drake;417;2020-09-27;hip-hop;2.51
Representation Pissing Governmental;Nathan Bates;661;2003-12-10;pop;4.68
Jamaica;Stephanie Castillo;832;2019-02-09;electronic;2.87
Funds;Rebecca Taylor;642;2009-03-07;r&b;4.14
Begins;Amanda Miller;747;1993-05-22;jazz;4.55
Daily Guitar;Destiny Stark;917;2009-09-24;rock;5.04
Larry Tier;Ryan Carr;860;2021-03-25;country;3.11
Passed Totals Registered;Megan Gomez;552;1996-03-16;r&b;3.12
Translate;Todd Lane;276;2003-08-14;pop;3.75
Moment Squirting;Nancy Mcdonald;398;2017-06-04;electronic;4.17
Fy Violent;Brittany Merritt;558;1993-01-08;country;1.55
Rate Suddenly;William Owen;335;1995-05-27;blues;2.56
Doctors Calgary Castle;Randy Dixon;557;2021-12-15;rock;5.3
Adjacent;Heather Peterson;692;2010-04-23;rock;1.87
Browsing Cj Titans;Kimberly Sullivan;880;2022-05-12;soul;3.78
App Bear;Kyle Webb;176;2007-03-16;hip-hop;4.99
Locking Huntington;William Brown;312;2016-03-22;soul;2.16
Emotions Cream;Daniel Reynolds DVM;201;2015-02-18;pop;3.38
Flesh Oc;Stephanie Dudley;971;2009-06-11;pop;1.88
Kansas Climb;Mackenzie Jones;946;2007-06-18;jazz;4.82
Things Ieee;Karen Lutz;282;1993-11-23;hip-hop;3.93
Aged Woman Islam;Michael Carroll;751;1996-02-02;rock;2.8
Thus Weddings Marathon;John Hardy;324;2013-03-04;jazz;2.47
Snap;Jonathan Howard;194;2015-01-24;rock;5.24
Describing Greene;Jonathan Yates;418;1996-11-04;r&b;2.32
Spelling Pt;William Strong;900;2019-02-07;jazz;5.2
Snowboard Chapters;Crystal Burton;501;1994-04-12;hip-hop;3.3
Totals;Zachary Riley;342;2013-09-28;blues;1.67
Aspect;Susan Graham;127;2017-07-25;pop;4.21
Endorsed;Bethany Martinez;346;2021-06-03;soul;2.95
Msg Revelation Con;Benjamin Johnson;104;2003-01-01;pop;2.7
Guard Dual Nudist;Jennifer Mcdonald;331;2002-09-19;jazz;5.29
Verzeichnis Produces;Jacob Maddox;607;2016-12-07;r&b;5.2
Passive Pharmaceutical;Christina Bass;308;2014-10-29;jazz;3.78
Heritage Yahoo;Victor Brady;458;2000-10-24;blues;4.18
Scsi Aged Infant;Tracy Harrison;486;2020-12-11;jazz;5.09
Dish Exit Beginner;Martin Jones;381;2020-03-17;hip-hop;3.75
Represents Donated Brain;Christopher Henderson;157;1993-06-23;hip-hop;2.08
Bruce;Dustin Hunter;365;1997-01-19;country;2.91
Albania;Theresa Stanley;294;2015-01-25;electronic;3.82
Acrobat Grocery;Evelyn Guerrero;356;1998-08-14;rock;3.71
Environments Cloudy;Patrick Christian;275;2009-05-24;soul;2.15
Folders Taking;Ashley Smith;240;2004-05-28;hip-hop;4.71
Louis Speeches;Devin Rose;48;2012-02-08;soul;2.57
Institutions Lesbians Tracy;Tammy Taylor;53;2001-10-15;classic;5.21
General Episodes Mysterious;Amanda Dawson;740;2022-02-11;classic;2.25
Shop Adidas;Andre Watson;804;2017-04-22;hip-hop;1.52
Departmental;Shawn Morrison Jr.;533;1997-09-01;classic;2.63
Apparently;Kristin Taylor;387;2005-03-31;electronic;3.28
Complete Maximize;Eugene White;423;1996-01-01;jazz;1.55
Tucson Proof;Jamie Wallace;974;2017-10-05;pop;4.1
Hotmail Tail;John Cook;923;2009-01-19;hip-hop;4.08
Expanding Aw;Lisa Lee;676;2022-03-14;jazz;1.61
Wired Exam Upgrades;David Bowman;552;1999-03-25;rock;3.55
Ng Provisions;Sharon Simon;804;2016-02-07;classic;1.88
Bridges;Bethany Valenzuela;663;1997-11-07;r&b;4.91
Gotten Bonus Geo;Kevin Logan;600;2016-03-19;folk;2.75
Aqua;Jordan Cox;775;2012-08-07;classic;3.75
Advantages Cumshot;Angelica Morales;515;2014-01-22;electronic;3.94
Limit Mining Homes;Cory Cantrell;326;2012-11-14;jazz;1.62
Obesity Supplies;Tina Evans;741;2009-11-19;country;5.18
Direct Demo;Tyler Phillips;54;1992-11-24;r&b;3.11
Rice Fo;Brittney Morgan;439;2020-10-31;country;1.91
Order;Mary Jones;598;2022-08-16;classic;5.23
Repository Antivirus;Michael Henson;84;1995-10-20;soul;4.6
Session Involve;Mrs. Elizabeth Torres;355;2002-01-04;electronic;4.55
Friend Agreed Cave;Thomas Mckinney;683;2018-05-01;electronic;4.58
Cooling Welsh;Christine Gutierrez;510;2014-03-06;jazz;3.07
Stomach Contain;Beth Pena;17;2019-05-14;blues;2.15
Movie;Amber Moore;98;2019-09-07;rock;3.32
Discretion;Jessica Butler;459;2004-04-08;rock;3.88
Totals Stand Correlation;Anthony Jones;146;1998-11-04;soul;1.81
Roster;Timothy Irwin;783;2000-02-24;rock;2.98
Dan;Edward Smith;299;2012-08-23;electronic;4.81
Importantly Break Assignment;Larry Thompson;255;1997-10-27;classic;4.55
Rotation Jay;Stephanie Conner;605;2018-09-14;electronic;2.15
Tea Devon;Wesley Thompson;468;2010-12-27;country;2.51
Dennis Dd Target;Ryan King;36;1999-09-06;classic;4.06
Broader Contributions Wisconsin;Shawn Flynn;499;2017-10-09;pop;1.66
Institutions Demonstrates Sciences;Kathy Cunningham;334;2009-09-18;pop;1.79
Editions Approximate;Jamie Rodriguez;198;1995-12-30;country;1.82
Decisions Received;Alan Ferguson;212;2001-11-28;rock;4.6
Reduced Inside;Taylor White;611;2015-04-30;soul;3.67
Windows;Brittany Martin;248;2001-10-14;pop;3.04
Decide;Jessica Johnson;784;2017-04-17;country;2.9
Patient;John Chandler;956;2009-02-26;country;2.25
Lesbians;Mr. William Barnett;210;2022-06-13;hip-hop;3.56
