Seminar;With;2022-12-02;436;48999;Yes
Cycle;Cycle;2024-08-25;904;27039;Yes
Sku;Sku;2024-07-17;569;54259;No
Shed;Shed;2023-11-29;310;4825;Yes
Dev Turkish;Dev Turkish;2023-08-28;896;60345;No
Verify;Verify;2024-04-30;1495;56881;Yes
Physically;Sheet Keith;2024-04-25;1128;94307;Yes
Ensures Hong;Dvd;2024-08-01;179;26467;Yes
Telecharger;Telecharger;2023-05-13;194;35603;Yes
Traffic Endorsed;Basename;2023-10-21;1158;13144;No
Australia;Australia;2024-01-10;854;60185;Yes
Realtors;Realtors;2022-12-28;799;9277;Yes
Reseller;Reseller;2023-06-28;1096;50427;No
Belgium;Comfortable Fresh;2023-03-27;832;75027;No
Manually;Sodium;2024-08-21;770;543;No
Invention Factor;Celtic;2023-10-20;71;36268;No
Gulf;Sections;2024-10-08;862;97735;No
Guides;Restaurants Calgary;2023-07-27;871;52028;No
Hop;Leaves;2024-03-23;839;47170;No
Lord Entrance;Alter;2023-04-20;618;83219;Yes
Incentives Gardens;Wear;2023-09-05;1106;7751;No
Counsel Heads;Preventing;2024-06-27;356;41381;Yes
Deck;Deck;2024-05-12;1165;58488;Yes
Jewish;Jewish;2023-11-09;857;57133;No
Ssl Circulation;Euro;2023-11-07;1376;40428;No
Possibilities Chi;Possibilities Chi;2023-09-05;746;47247;Yes
Collins;Collins;2024-01-13;477;29890;No
Heel Assessed;Sandy;2023-04-21;473;81336;Yes
Protect;Protect;2022-12-08;1406;14782;No
Welfare;Fine;2024-02-19;1281;82576;Yes
Gordon;Gordon;2023-02-14;1220;36128;No
Strips;Prepare Attend;2024-05-23;613;41098;No
Lord;Lord;2023-07-12;1336;33374;No
Seems;Weather;2023-01-15;559;53610;Yes
Announced;Mins;2024-04-06;1229;70307;Yes
Two;Walked Global;2023-12-22;1155;20271;Yes
Navigator;Caring Calgary;2023-11-19;1351;10795;Yes
Performances;Christopher Logs;2024-09-10;1037;50540;Yes
Reproduced;Reproduced;2023-01-03;525;26318;Yes
Body;Compliance Bacteria;2024-07-02;521;23949;Yes
Seem Sexual;Mounting;2023-11-05;964;84412;Yes
Surface Porsche;Finally;2022-12-30;1248;49673;No
Manhattan;Manhattan;2022-11-28;1149;17088;No
Viewing;Viewing;2023-03-09;377;38521;Yes
Provide;Provide;2024-04-03;542;72064;No
Omega Diy;Omega Diy;2023-05-23;810;27971;No
Glucose Computation;Applying;2024-09-17;649;73794;No
Pac;Expanding Advantage;2023-12-29;641;10943;Yes
Bracelets Valve;Soma;2023-10-19;620;50527;Yes
Pending Failures;Pending Failures;2023-10-21;158;89877;Yes
Across;Across;2023-11-03;286;74191;No
Spice Hotelscom;Spice Hotelscom;2024-10-02;851;39961;No
Tests;Tests;2023-12-14;712;54341;Yes
Iraq;Pointer;2023-10-10;259;33244;Yes
Locally;Locally;2022-10-26;112;79468;Yes
Finnish Sip;Fishing;2024-03-29;1144;27622;No
House Customers;Buyer;2024-03-18;1119;54928;Yes
Applicable;Exciting;2023-01-31;1473;16867;Yes
Networking;Nonprofit;2023-01-14;450;62646;No
Picks;Garage;2023-02-14;925;97021;No
Known;Lee Adjusted;2023-04-24;972;17271;No
Beverly;Feeding Destiny;2022-12-28;1125;88717;Yes
Issn Zero;Issn Zero;2024-07-23;1443;72851;No
Sim;Blake Jacob;2024-08-08;246;54645;Yes
Cotton;Combo;2022-11-01;166;72429;Yes
Bomb Modification;Bomb Modification;2024-09-27;679;69185;No
Syria Jean;Desert;2023-11-14;1156;25710;Yes
Clay;Trails Invoice;2023-05-02;996;87752;Yes
Nails;Nails;2023-07-01;1140;51339;No
Motor Constitution;Ringtones;2022-10-30;134;17696;No
Destroyed;Nba;2023-05-28;1094;31954;Yes
Epson;Fu;2023-12-05;463;8524;Yes
Afghanistan;Consultant Behind;2024-02-13;1091;43589;No
Euros Lights;Euros Lights;2024-09-27;489;68616;Yes
Commons Nebraska;Estimate;2024-05-29;196;10783;Yes
Tvs;Tvs;2024-06-16;1447;64501;No
Rape;B Escort;2023-07-09;1074;19557;Yes
Simulation Sharp;Simulation Sharp;2023-02-05;278;55731;No
Embassy;Embassy;2023-05-07;689;3574;No
Accompanied;Accompanied;2024-02-13;516;35151;No
Rely;Rely;2023-04-30;206;97766;No
Ons;Projection Cg;2024-06-19;704;39473;Yes
Particular Algorithm;Particular Algorithm;2022-11-05;929;42422;Yes
Logical La;Logical La;2023-02-01;798;83446;Yes
Customise;Customise;2024-05-03;1046;15642;No
Spain;Prot Legal;2024-08-14;871;98202;Yes
Tomorrow;Refined;2023-05-21;732;63818;No
Pointed;Shark Supplements;2023-11-19;574;35127;No
Rates;Faster Jose;2023-08-19;658;13851;Yes
Commands;Wire;2024-03-23;275;42030;Yes
Obj;Bros;2023-02-27;880;39344;No
Cricket Destroyed;Moisture;2022-12-01;1079;16037;Yes
Chelsea Rely;Slim;2024-05-29;1013;81094;Yes
Harvest Ext;Harvest Ext;2023-03-14;1415;24981;No
Consumer Belize;Plastic;2024-09-20;260;58606;Yes
York;York;2022-12-27;384;80569;Yes
Deleted Capabilities;Moreover;2023-03-15;847;80889;Yes
Plan Returned;Plan Returned;2024-05-18;934;95690;No
Expensive;Expensive;2022-12-27;793;6854;No
Downloadable Live;Downloadable Live;2023-04-16;144;96729;No
Affiliation;Affiliation;2023-02-15;937;67259;Yes
Simon;Linking;2023-05-09;839;32189;No
Efficient Blend;Withdrawal;2023-01-17;66;40964;No
Guitar;Guitar;2023-05-26;718;37257;Yes
Intense;Shuttle;2024-07-01;674;4292;No
Dragon;Precisely;2024-09-20;741;15425;Yes
Does Royalty;Does Royalty;2024-02-01;1339;18955;No
Trustee;Tower Milfhunter;2022-12-26;1056;67518;No
Za Fg;December;2023-10-18;1403;24887;Yes
Metallica Demonstrate;Reservations;2024-03-12;1013;66945;No
Indigenous;Concerts Editor;2023-12-06;344;65298;Yes
Rebate Var;Rebate Var;2023-01-24;323;66453;Yes
Theme Barely;Viral;2024-07-16;738;1219;No
Gibson;Gibson;2022-12-22;437;48030;Yes
Consumer;Offering Continuity;2023-01-05;1147;66205;Yes
Lenders;Oxford;2024-09-23;679;67650;No
Connections Lesson;Source;2024-07-03;360;23115;No
Signature;Additional Class;2024-03-19;1268;87031;Yes
Electrical;Electrical;2023-03-24;1012;15095;No
Dice;Dice;2022-11-28;969;95341;Yes
Hiring;Hiring;2023-02-14;1223;96135;No
Prove;Killed;2024-08-19;302;65748;Yes
Nbc Rj;Creativity;2024-10-09;158;8816;Yes
Lighting Stack;Arrive;2024-03-25;822;76549;No
Environments;Garden;2023-01-06;133;26721;No
Automated;Boring;2024-01-09;129;12131;Yes
Hopefully;Hotel Microwave;2023-02-20;619;17294;No
Tar;Theaters;2024-07-23;994;73952;No
Reasonably El;Collections;2022-11-15;1101;80057;Yes
Hazards Naturals;Festivals;2023-05-11;84;98917;Yes
Tokyo;Train Flower;2023-06-29;414;42245;Yes
Cox Rand;Cox Rand;2023-11-23;897;64465;No
Threads;Threads;2023-07-04;901;45670;No
Statistical Drama;Statistical Drama;2023-08-11;533;31125;No
Fresh;Handles Diane;2024-05-17;1414;95496;No
Prefix;Ice;2023-09-13;428;49539;No
England;Achievements;2023-10-05;384;78650;No
Unions Patient;Hello;2024-08-13;1036;51207;Yes
Arch;Bones Limited;2023-12-04;287;79964;Yes
Ashley;Ncaa Spreading;2023-08-16;117;41896;Yes
Av;Tribe;2023-05-29;1415;66045;No
Subjects;Harassment Grove;2024-04-13;1366;87587;No
Lace;Everyone Vanilla;2023-02-24;1177;55742;No
Scholarship African;Scholarship African;2023-05-23;1106;4865;Yes
Tables;Depends Lasting;2024-01-04;1452;33272;Yes
Proper;Proper;2023-10-14;800;2911;Yes
Fiction;Fiction;2024-04-01;746;81830;No
Squirting;Affecting Comment;2023-08-23;948;38828;Yes
Her Fu;Oregon;2024-01-10;1073;33040;No
Arms;Totally Mlb;2024-03-23;932;18387;Yes
Communication Beaver;Communication Beaver;2023-07-11;1350;28872;No
Gem Obj;Gem Obj;2024-04-05;543;98767;No
Cumulative;Intel;2023-05-17;770;72600;No
Cleveland;Tank;2024-04-29;1333;48110;No
Usda;Usda;2023-08-13;771;31031;No
Speaker;Peaceful Jpg;2023-10-12;1094;51459;Yes
Utah;Appearance Sc;2024-01-30;230;64849;Yes
Ceiling;Consolidated;2023-06-19;558;77398;Yes
Blame Pam;Replacing;2024-01-14;623;39232;Yes
Worst;Primary;2024-01-05;79;62075;Yes
Ebook Beastality;Account;2023-01-08;961;72452;No
Referrals;Painful Bits;2023-05-06;545;41014;Yes
Tasks;Salem Blind;2023-09-30;1328;20190;No
Eye;Postcard Graphical;2023-04-04;686;96590;Yes
Powder Assist;Powder Assist;2023-04-18;1299;51570;No
Gtk;Meetup Decrease;2023-01-02;175;28350;Yes
Authentic Omissions;Sees;2023-07-11;1493;75380;No
Tennessee;Liz;2024-10-18;855;65172;Yes
Pediatric Investigation;Pediatric Investigation;2024-03-08;785;93866;Yes
Cbs Fred;Formation;2023-05-29;672;49538;Yes
Maps;Maps;2024-01-18;1030;14754;No
Twenty;Twenty;2023-02-15;152;77714;No
Separate Tall;Delicious;2024-09-10;1006;76528;No
Amazoncouk Muze;Failures;2023-10-05;176;51055;Yes
Cleared Will;American;2023-11-26;1023;99440;No
Mathematics Mlb;Mathematics Mlb;2023-06-29;973;95771;No
Above;Above;2023-06-21;1431;27882;Yes
Rf Hardcover;Genome;2023-04-18;738;94573;No
Clan;Moment;2024-06-08;166;50640;Yes
Mx Weird;Mx Weird;2024-08-29;119;24889;No
Maria Vary;Here;2023-03-22;1381;84548;Yes
Artistic;Account;2023-05-26;1093;27410;No
Pgp;Floors;2024-09-28;1274;40259;No
Frequently Fy;Absence;2024-08-22;930;10682;No
Qualified;Ef Confirmed;2024-02-07;657;21290;No
Barbados;Effectiveness;2024-02-26;616;79685;Yes
Suggest;Recent Discrimination;2023-01-30;341;78499;No
Rel;Halifax Russian;2024-02-05;601;27872;Yes
Auction;Auction;2023-07-04;797;45361;Yes
Dirty;Dirty;2023-12-21;629;48500;No
Wm D;Protective;2024-02-22;688;4521;Yes
Operators;Walked Continuous;2023-09-13;1486;72788;No
Spirits;Shaped;2024-07-13;456;16263;Yes
Legislative Row;Marvel;2024-01-12;503;2801;Yes
Flex;Briefly Luis;2024-10-17;541;27154;No
Suffering;Velocity;2024-03-07;1135;91772;Yes
Sheer;Sunglasses;2023-03-29;384;29623;Yes
Core;Handled;2023-05-03;1215;92181;Yes
Oval Secret;Gl;2023-08-06;418;83845;Yes
Farming;Soon Ventures;2024-09-09;881;78390;No
Lone;Worked Canyon;2024-01-09;1063;78795;Yes
Narrow;Competitors Economies;2024-04-29;720;36411;Yes
Awarded Licence;Indonesian;2024-01-12;447;47217;Yes
Seniors Certificates;Relations;2022-11-09;616;7743;No
Statute;Underground Ho;2024-05-29;438;36822;Yes
Affecting Passes;Scholarships;2023-03-08;397;90350;No
Triangle;Triangle;2024-06-05;1491;43095;No
Bacon;Bacon;2024-01-24;980;39742;Yes
Kay Memorial;Millennium;2024-09-11;725;97486;Yes
Diy;Diy;2023-04-25;1294;44058;Yes
Needs;Ban;2024-06-17;1391;49883;Yes
Newark Journey;Newark Journey;2024-09-19;1037;35397;Yes
Dog;Rubber Leu;2023-03-25;482;24202;Yes
Upgrading;Jobs;2024-05-13;262;49612;No
Uniform Mental;Uniform Mental;2024-06-10;125;55484;Yes
Experiments;Cups;2024-07-04;234;28161;No
Industries;Industries;2024-07-27;430;16546;No
Businesses;Businesses;2023-02-10;1259;55131;Yes
Shot;Shot;2023-10-17;740;93594;Yes
Teaching;Teaching;2024-06-21;1285;38018;No
Meetings;Meetings;2024-10-12;1116;67171;Yes
Known;Adolescent Calculations;2023-02-25;1013;30878;No
Supreme;Rhode Hc;2024-05-29;1464;1640;Yes
Ray;Ray;2022-11-21;1392;54435;Yes
Strategy;Portrait Invited;2022-12-14;1132;52315;No
Positioning Soon;Recommended;2024-05-18;1382;66322;No
Bet Customers;Bet Customers;2023-10-27;806;17113;Yes
Foto;Carbon;2024-03-25;667;40221;Yes
Syria;Syria;2023-02-11;85;8917;No
Courts Hotmail;Bumper;2023-08-19;1380;53438;No
Soap;Soap;2023-01-04;708;13986;No
Morocco Opposed;Computation;2023-04-17;795;93186;Yes
Tobacco;Tobacco;2023-12-03;606;60593;No
Amend;Including Transparency;2022-11-27;1091;46784;Yes
Average;Average;2024-06-05;98;88380;No
Measured Hometown;Measured Hometown;2023-05-22;1460;64293;Yes
Club;Includes;2023-10-28;1223;8697;No
Solaris Her;Corporations;2023-01-25;636;13412;Yes
Apt;Apt;2024-06-03;933;41655;Yes
Preference Zip;Mumbai;2024-05-10;936;93710;Yes
Healthy;Say Exceptions;2023-10-04;389;26054;Yes
Clocks;Clocks;2024-09-19;707;69732;Yes
Routine Immediately;Routine Immediately;2023-03-31;870;4973;No
Corporation;Arrested;2024-09-05;788;20275;Yes
Coaching;Above;2024-03-26;812;28716;Yes
Ruby;Volumes Effort;2024-05-06;1073;7243;Yes
Mason;Playing;2023-08-02;786;24438;No
Operated Flash;Operated Flash;2022-11-24;383;53846;No
Terminals;Shipped;2024-03-15;1412;15449;No
Joins;Returns Hyundai;2023-11-06;1112;76604;Yes
Plant;Christ Charlotte;2023-05-16;1272;31771;Yes
Reprints;Receipt Mission;2024-07-08;81;82623;No
Rope;Chip;2024-03-01;94;99964;Yes
Clocks;Planets;2023-11-26;1242;86697;No
Village Joan;Tractor;2024-06-14;1401;85527;Yes
Functionality;Functionality;2023-05-15;1321;32372;No
Missile;Involves;2022-11-20;827;29905;No
Associates Desktop;Associates Desktop;2024-08-17;619;52511;No
Hd Stamp;Hd Stamp;2023-01-07;1265;51438;No
Lemon Vulnerable;Drawn;2022-12-27;900;87388;No
Responsibility German;Monkey;2024-10-23;1424;19431;Yes
Prev;Evaluated Mc;2023-05-30;1191;85312;Yes
Trails;Requiring Humor;2023-07-18;1099;46056;Yes
Nil;Nil;2024-05-16;802;28208;No
Debug;Worker;2023-09-02;1402;91119;No
Decrease;Private;2023-09-20;1288;94175;No
Allergy;Zus;2023-11-23;1183;26968;Yes
Japan Scoring;Japan Scoring;2022-12-30;1007;28291;Yes
Societies Iceland;Stories;2024-09-21;989;4220;Yes
Glass;Vietnam Anne;2023-09-02;1215;51780;No
Conferencing Connect;Conferencing Connect;2023-08-19;910;73961;Yes
Inclusion;Gallery;2023-06-20;719;56951;Yes
Monthly;Unlikely Develop;2024-08-15;1145;26523;No
Lewis;Applied Purchased;2024-01-29;272;80846;No
Involving;Involving;2024-06-26;1086;78484;No
World;Methodology Cancellation;2023-05-25;1439;86873;Yes
Johnson;Johnson;2023-05-03;1101;75318;Yes
Keen;Keen;2023-01-07;530;39068;Yes
Reached;Muscle Ours;2024-09-23;783;62582;No
Rhode Cc;Rhode Cc;2023-05-23;925;14758;No
Budgets Via;Architects;2024-01-29;1018;30377;No
Accommodation;Trouble Organisations;2024-03-07;1106;39473;Yes
Dow;Monster;2024-08-14;1204;69934;No
Copy;Carries Bears;2023-12-15;871;85792;No
Add;Joan;2024-10-02;659;10863;Yes
Duke Interactive;Dive;2023-05-04;777;30036;No
Monday;Km Responsibilities;2024-09-18;973;89376;No
Preferences Template;Pissing;2023-08-17;259;83365;Yes
Harmful Durham;Circle;2023-10-21;1439;70968;Yes
Coaching;Light Supplies;2024-08-25;938;91972;No
String;Phys Pda;2022-12-18;156;53920;Yes
However;Fonts;2024-01-19;1460;25357;No
Trinidad Mu;Trinidad Mu;2023-08-12;915;23264;No
Darkness Fy;Republicans;2024-08-06;1379;54943;No
Greatest;Premium Covered;2024-03-12;1446;22900;Yes
Pb;Pb;2023-06-03;957;43547;Yes
Diverse Photographer;Diverse Photographer;2023-05-11;108;16313;No
Operation;Tf Turkey;2024-02-18;1076;95999;Yes
Caps;Naples Benchmark;2024-03-15;788;17557;No
Deutschland;Deutschland;2024-05-01;1215;97815;Yes
Tattoo;Currency Street;2024-09-21;1313;27596;Yes
Fraction Virus;Gibraltar;2023-05-21;1025;96162;No
Cio Enlargement;Spokesman;2022-10-28;169;27996;Yes
Conclusions Requested;Bowl;2024-06-26;430;73162;No
Retention;Retention;2023-07-06;1245;46324;No
Pharmacies Pro;Constant;2023-04-04;135;27234;Yes
Harold;Harold;2024-06-01;533;9432;No
Eg;Decorative;2023-09-15;772;39103;No
Jobs Uploaded;Housewares;2023-10-30;1206;74937;No
Pantyhose Preview;Wellness;2022-11-15;1179;80374;No
Passwords Guarantee;Collar;2024-06-20;66;67530;Yes
Carroll Fuck;Carroll Fuck;2024-04-01;945;59567;No
Casinos;Casinos;2024-09-02;1350;26681;Yes
Su;Oxide;2023-01-10;403;62218;No
Capabilities Retail;Tribune;2023-08-14;799;85940;No
Relaxation;Relaxation;2024-03-22;183;87559;Yes
Underground;Elementary;2023-03-04;1149;2978;No
Wives;Wives;2024-01-03;376;32568;Yes
Particle Championship;Rats;2024-02-26;99;66176;No
Georgia Tft;Broader;2024-07-30;1354;30002;Yes
Legacy;Advertisers;2023-11-17;722;30857;No
Birth;Birth;2023-05-02;398;42990;No
Italiano Ka;Leo;2023-05-13;1141;43175;No
Fairy;Distance;2023-05-13;1486;10498;Yes
Inkjet Bon;Remember;2024-07-18;996;42259;No
Routers;Routers;2023-01-07;350;58413;Yes
Nest Throughout;Licensing;2024-07-14;1077;74955;No
Bridges Treo;Servers;2024-01-09;309;32667;Yes
Bang Nickel;Religions;2022-11-20;879;75404;Yes
Viking;Armenia;2023-12-13;107;50846;Yes
Ours Settled;Corners;2024-09-25;965;93150;Yes
Sustainability Hyundai;Sustainability Hyundai;2022-12-28;1013;84617;Yes
Accessibility;Branch Finest;2024-07-20;1325;29172;No
When Nightmare;Meanwhile;2024-10-11;622;99493;Yes
Gospel;Gospel;2024-08-13;1458;42842;Yes
Own;Urls;2024-03-03;499;77529;Yes
Engine Closed;Contains;2024-09-05;773;96140;Yes
Allow;Tight;2023-12-26;51;72545;No
Drop;Php Gratis;2024-09-08;122;5033;No
Championship Isolated;Championship Isolated;2024-01-13;1347;37662;Yes
Tracks Texture;Learn;2023-05-14;556;50111;No
Db Threat;Exploring;2023-08-10;188;78131;Yes
Pharmacy;Pharmacy;2023-10-02;1212;25736;Yes
Myth;Pantyhose Luke;2024-05-27;114;2351;No
Demonstrate;Serbia Prerequisite;2023-01-03;685;57010;Yes
Associate;Favor Sorry;2024-01-12;442;60770;Yes
Jennifer;Pledge Outline;2023-04-09;1312;78103;No
Wise;Winter;2023-02-12;211;55477;Yes
Mayor;Mayor;2024-02-13;1081;2640;No
April;April;2023-11-29;885;32640;Yes
Offer;Island;2023-01-21;752;84167;No
Header;Header;2023-04-05;104;81743;Yes
Introductory;Fg She;2023-07-23;315;71100;No
Holocaust Practice;Convert;2022-11-24;1287;45117;No
Handmade;Mature;2024-02-13;259;31048;No
Mcdonald;Mcdonald;2023-05-16;127;34854;No
Pmid Plan;Pmid Plan;2022-12-07;1144;76512;No
Enhanced;Mysql;2023-01-15;780;37612;Yes
Heavily;Prospective;2022-12-07;1344;54209;Yes
Remaining;Traveler;2024-01-02;1042;53189;No
Malawi;Rss;2023-06-17;843;99303;No
Baltimore Ss;Rapidly;2023-04-18;554;51138;No
Gorgeous Springs;Gorgeous Springs;2024-10-24;937;30001;Yes
Rom;Discounted;2024-06-10;794;15310;No
Homework Shortly;Disciplinary;2023-01-08;791;3706;No
Detroit;Customise Probably;2023-01-16;940;94031;No
Flour;Commander Bin;2023-10-10;1400;16552;Yes
Treatment;Viewing;2024-01-03;1314;46410;No
Almost Grenada;Mere;2024-04-24;628;25060;No
Unfortunately;Aqua;2023-05-02;78;12897;Yes
Integrating Announcements;Broad;2024-09-11;1364;49077;No
Port;Actually Ladies;2024-02-03;965;8367;No
Lauderdale Tex;Awesome;2024-03-25;711;20717;No
Analyses;List;2023-10-15;1431;25332;Yes
Nissan;Ear Effect;2024-03-19;1084;59517;Yes
Mf;Spray Requesting;2022-11-08;595;92345;No
Eng;Firewire;2024-04-09;1191;85125;Yes
Diary;Diary;2024-04-01;176;32171;Yes
Waterproof;Maps;2023-06-26;826;23040;No
De;De;2023-12-28;317;40672;No
Performer Managers;Cdna;2024-08-01;1188;37161;Yes
Glass Corresponding;Glass Corresponding;2023-02-03;840;74192;No
Expansion;Explorer Heritage;2024-01-18;1401;61631;No
Lolita;Qt Chicken;2023-03-11;1481;3205;Yes
Learning During;Bond;2024-08-18;979;70295;No
Hugh Execution;Hugh Execution;2024-02-05;1148;21515;Yes
Assist;Antenna;2024-09-30;963;42753;Yes
Respectively Mike;Ski;2023-11-16;352;83936;No
Item Meter;Item Meter;2023-11-24;361;55092;Yes
Consideration;Consideration;2024-07-16;1113;32868;No
Terrible Gregory;Terrible Gregory;2024-10-01;778;99128;No
Fonts Tenant;Fonts Tenant;2023-09-17;275;43035;No
Funk Detail;Residence;2023-11-24;1359;7037;No
Systems;Systems;2024-07-04;219;87171;Yes
Spy;Spy;2023-05-18;234;27717;No
Kilometers;Foot Programmers;2024-04-06;1069;20331;Yes
Notices;Notices;2023-04-03;1353;26954;Yes
Countries;Rankings Andy;2024-07-13;220;33299;No
Community;Community;2023-03-20;588;92387;No
Js Encountered;Designer;2024-04-14;1410;30504;No
Excluded Sending;Excluded Sending;2022-11-03;217;40876;Yes
Management;Management;2023-01-30;817;98745;Yes
Sheriff;Sheriff;2024-01-25;452;30533;No
Monkey;Lean Favors;2023-08-08;744;57798;Yes
Papua;Vcr Promotions;2023-03-23;1134;40345;Yes
Dining;Marijuana;2022-11-14;1383;35895;Yes
Expensive;Silent;2023-04-14;373;26253;No
Clinton;Russell Encoding;2024-07-14;1434;76023;Yes
Contracts;Lingerie Delivered;2024-05-18;1115;12242;Yes
Asp;Asp;2024-09-25;1424;81127;Yes
Personality;Personality;2024-04-16;623;3802;Yes
Cheapest;Interpreted;2022-11-12;1145;73221;No
Advertisement;Presence;2024-08-23;240;45620;Yes
Best;Te;2023-12-31;844;51836;No
Ownership Remedies;Thesis;2022-12-01;1380;91515;No
Platform Attorney;Consequences;2024-04-08;552;13035;No
Installation;Turning;2023-10-12;722;35056;No
Referral;Referral;2024-08-25;623;9871;Yes
Place;Place;2024-05-01;524;45153;No
Dave Realtor;Connections;2023-11-18;100;95886;No
Literacy Gateway;Outcome;2023-05-04;685;33136;No
Printer Shakira;Recognised;2023-11-15;266;72455;No
Calculations;Cst Punch;2023-04-29;766;84604;No
Binary;Luxury Offset;2023-07-26;1368;54957;No
Tiles;Whether;2024-01-28;1473;10223;Yes
Acres;Thumbnails;2023-10-12;382;29333;Yes
Ip;Properties Transition;2023-11-15;966;60923;Yes
Dell;Dell;2024-02-18;1405;83392;Yes
Analyst Influences;Analyst Influences;2023-12-27;716;8262;Yes
Terror;Terror;2024-05-02;1150;33747;No
Rugby Voltage;Served;2024-07-31;763;22973;Yes
Dollar;Ethical Impression;2024-05-21;1304;13821;No
Timer;Publicity Support;2023-02-28;89;79848;Yes
Supposed;Tablet;2024-03-04;147;90295;No
Numeric Publications;Last;2023-09-25;312;98094;No
Blond;Ministry;2024-07-17;296;37318;Yes
Arabia Resort;Arabia Resort;2022-12-25;519;86891;No
Stays Mobility;Danny;2023-09-30;1455;54217;Yes
Nvidia;Statute Weather;2022-12-29;747;42914;No
Terminology;Disks;2023-08-24;1481;61480;Yes
Usually;Separate Furnished;2023-06-08;1011;54686;Yes
Conversations;Arts;2023-12-04;1453;63299;Yes
Representations;Global;2023-05-30;843;26785;Yes
Isolated;Isolated;2023-09-18;196;89484;No
Storage;Dow External;2024-02-21;1354;49481;Yes
Advocate;Marketplace;2024-02-29;378;31575;No
Gross;Gross;2023-08-03;560;2390;No
For;Forced Reviewer;2024-09-04;264;18248;Yes
Slim;Sims Town;2024-03-22;989;54201;No
Tion;Calendars;2023-08-27;1094;72116;No
Col Illness;Industry;2024-05-27;917;2397;No
Hereby Passing;Hereby Passing;2024-08-10;745;49352;No
Adequate;Swim Proceeds;2022-12-12;852;24801;Yes
Pastor;Worked;2023-03-02;244;78995;No
Expected;Edges;2023-02-12;544;41012;Yes
Gregory;Rod Cest;2022-12-03;272;32204;No
Quite Widespread;Gateway;2024-06-16;1491;39988;Yes
Significantly;Psp;2023-10-02;884;94946;Yes
Witnesses;Confidentiality Restriction;2022-11-28;1181;47099;Yes
Emerald;Snowboard Period;2022-11-18;689;60302;Yes
Vs Reading;Vs Reading;2024-08-14;703;51412;Yes
Bikes Generally;Converter;2024-10-11;344;83948;No
Key;Key;2024-09-17;133;46817;No
Dealers;Pierce;2024-07-04;367;70381;Yes
Scientists Detection;Imposed;2024-02-07;223;94461;No
Viii;Viii;2022-11-18;368;74479;No
Affair;Medieval Representative;2024-08-11;239;65619;Yes
Volvo;Volvo;2023-03-04;836;46516;Yes
Defence;Defence;2024-07-07;1280;32010;Yes
Speed;Rd;2023-04-16;107;91333;Yes
Porter;Institution Both;2023-11-27;605;94450;No
Generators;Generators;2024-04-16;446;72280;No
Policy;Suggests;2024-01-11;736;66633;No
Laboratory;Laboratory;2024-10-10;930;88368;Yes
Oliver;Oliver;2023-03-11;1132;5024;Yes
Pan Cumulative;Vids;2022-11-18;594;32854;Yes
Questionnaire American;Questionnaire American;2022-11-05;1445;94815;No
Feedback Ate;Dealtime;2023-06-19;953;48961;No
Accommodate;Accommodate;2024-07-07;933;61268;Yes
Fi;Creek Similar;2024-08-10;864;30103;No
Britney Stomach;Anticipated;2024-09-15;508;32121;No
Repeated;Repeated;2023-01-27;460;40879;Yes
Lovely;Info Recognize;2024-01-04;1176;9691;No
Combination;Midi;2023-10-28;843;17467;No
Indicates;Assembled Tribune;2023-07-10;153;86292;No
Buf European;Contamination;2022-10-30;760;85797;Yes
Group Sides;Demonstrated;2024-06-23;354;21183;No
Loving Boring;Davidson;2023-12-04;365;93920;Yes
Epa;Epa;2022-11-18;814;31989;No
Uganda;Bikes Tits;2023-12-31;1122;31349;No
Pan Legs;Pan Legs;2024-07-07;936;96302;No
Think;Article;2024-08-06;912;71544;No
Catch;Meets Holdem;2024-10-13;382;55743;Yes
Full;Full;2024-10-10;1168;48394;No
Chain;Ul;2024-05-08;1371;62227;Yes
Encountered Chamber;Consistency;2023-10-07;352;80554;No
Investigations;Tent Hill;2024-01-18;540;89781;Yes
Bind Monaco;Lasting;2023-12-01;353;97191;No
Clear;Clear;2023-01-20;544;22549;Yes
Glance Chemistry;Glance Chemistry;2022-11-04;503;57857;Yes
Printers;Printers;2024-05-05;811;48511;Yes
Guru;Bronze Invite;2023-04-17;448;27198;No
Add;Period Combat;2022-12-08;1256;52617;Yes
Router Physician;Less;2022-12-10;224;7650;No
Heater Projects;Sacred;2023-01-06;893;42707;Yes
Bukkake;Bukkake;2022-12-13;394;98967;Yes
Developed;Differently;2024-08-27;242;40848;No
Holdings;Holdings;2024-08-19;393;73168;No
Metallic;Metallic;2022-11-27;1455;46729;Yes
Palestine Totals;Jessica;2024-04-01;1300;31142;No
Suddenly Executives;Bankruptcy;2024-08-16;355;76038;No
Mainland;Eagles;2024-04-19;1271;86984;No
Licence;Society Assurance;2022-12-27;291;47306;Yes
Company;Skating;2024-01-12;962;30673;Yes
Dining;Dining;2023-10-19;1212;30369;No
Softball;Softball;2024-10-12;1380;91892;Yes
Omaha;Snowboard Yr;2024-04-14;1255;74857;Yes
Sao Go;Antibodies;2024-05-27;155;16855;Yes
Whilst;Whilst;2023-11-12;240;75683;No
Professionals;Chicks;2023-02-05;915;97225;Yes
Send;Sees;2023-10-30;543;71692;No
Winners;Leo;2022-12-15;1465;15866;No
Evident;Intent Ala;2023-07-24;1107;78846;Yes
Diabetes;Circles;2023-08-25;874;46645;No
Tab;Tab;2024-08-23;1378;708;Yes
Favourites;Salaries;2023-05-12;612;1608;Yes
War Forget;Tanks;2023-10-23;511;8799;Yes
Conservation;Unto Prince;2024-08-20;521;26377;No
Nice;Nice;2024-01-20;361;77698;Yes
Asks;Punch Valentine;2023-08-09;1062;20166;Yes
Brain Spending;Wrote;2024-10-21;656;65018;Yes
Longitude;Bibliographic Semi;2024-01-26;1337;43611;Yes
Wars;Wars;2023-02-07;550;9483;Yes
Word Fears;Word Fears;2023-10-13;543;42663;No
Format;Format;2022-11-18;916;87082;Yes
Tel;Constitution Drew;2022-11-19;792;45539;Yes
Sterling;Pose Handheld;2023-07-05;266;84724;No
Twin;Twin;2024-04-21;761;81531;Yes
Frozen;Bs Anthropology;2023-01-18;1249;41062;No
Popular;Popular;2023-08-05;1296;59519;Yes
Marco Loves;Marco Loves;2023-12-08;388;22787;Yes
Administered;Spears;2023-01-16;301;92678;No
Complimentary;Complimentary;2023-09-21;420;53876;Yes
Oasis;Totals;2024-02-26;506;14944;No
Vid;Televisions;2023-09-04;214;65263;Yes
Bangbus;Bangbus;2023-06-09;819;5820;Yes
Pix;Meanwhile Cylinder;2024-10-11;1263;3161;Yes
Lending;Again;2024-06-23;485;20319;No
Contamination;Kiss;2023-01-01;736;91741;Yes
Identification;Studies;2024-02-17;1181;34838;Yes
Hampshire;Hampshire;2023-03-18;912;68363;No
Booth;Booth;2023-09-18;746;18669;Yes
Mod;Murphy;2024-04-17;1145;19185;No
Popularity;Popularity;2023-04-28;1361;88209;No
Watson;Engine Climbing;2023-05-22;1425;6076;No
Ranking;Ranking;2023-02-10;1478;58688;No
Recorders;Lg Webcam;2024-03-18;833;32887;Yes
Searched Its;Manufacturing;2023-08-30;1475;60241;Yes
Au;Au;2023-04-20;1491;46750;Yes
Shipments;Bold Bit;2023-08-21;1169;53775;Yes
Emissions Giving;Emissions Giving;2024-07-23;670;55573;Yes
Collective;Collective;2022-11-14;491;10860;No
Frames;Frames;2023-10-13;1403;95690;No
Switches;Contribution Nathan;2022-12-25;1143;96010;Yes
Realtors;Sea Forget;2024-05-17;107;39713;Yes
Harder;Scary;2024-08-24;220;73378;Yes
Md Shift;Md Shift;2023-12-25;1164;89890;No
Creature;Afraid;2023-12-29;808;18311;No
Brutal;Brutal;2024-06-24;360;3755;No
Humidity;Custody;2024-01-02;686;19618;No
Passengers Mortality;Passengers Mortality;2024-02-11;1300;10640;Yes
Photographer;Institution Colors;2023-01-14;920;71951;Yes
Encouraging;Encouraging;2024-02-28;609;36506;No
Leeds;Relax;2023-04-26;1073;57399;No
Shake;Dash Argentina;2024-10-22;91;27204;Yes
Toxic;Toxic;2024-09-22;135;64996;No
Echo;Threats;2024-03-24;445;38824;Yes
Loved;Loved;2023-09-06;73;17391;No
Adoption Happy;Adoption Happy;2023-08-22;984;27085;Yes
Suddenly;Suddenly;2023-04-23;802;24003;No
Become;With Photograph;2024-05-05;1151;62631;No
Inc Cheese;Somewhat;2024-03-20;1069;2629;No
Brokers;Magical Ty;2024-02-04;1160;47296;No
Words;Interior;2024-09-03;1436;98122;Yes
Contractors Territories;Democratic;2023-02-21;687;36424;No
Monica Clearing;Ministers;2023-03-21;658;91127;Yes
Lip;Lip;2023-06-30;1441;27398;No
Has;Has;2024-04-10;316;79833;Yes
Dose Mercy;Nyc;2022-12-10;883;36028;No
Onion Cooking;Onion Cooking;2023-04-14;341;47700;Yes
Ted;Coffee;2023-05-13;589;63958;Yes
Fresh;Fresh;2022-12-03;653;66906;No
Generic Billing;Feeds;2024-05-06;656;93532;Yes
Edt;Tour Analyzed;2023-11-20;181;57999;No
Howto Gift;Expensive;2023-11-09;649;94320;No
Periodic;Tu;2022-12-11;265;79834;Yes
Significant;Vibrator Appointments;2023-07-25;987;47867;No
Distinguished;Hold;2024-03-02;1063;25983;No
Mauritius;Mauritius;2023-04-05;342;47626;Yes
Boards;Boards;2024-04-06;1047;51641;Yes
Cornell;Packaging Enrolled;2023-12-24;439;30873;No
Paperback Opt;Physiology;2024-02-04;129;57068;Yes
Districts Leader;Sexy;2024-03-10;1191;68192;Yes
Irc;Nd Changelog;2023-12-08;91;57735;Yes
Includes Funds;Includes Funds;2024-01-06;417;64358;Yes
Fan;Receiver Transmit;2023-03-07;684;75905;No
Parker;Col Sufficiently;2023-12-04;164;62752;Yes
Wheel;Wheel;2024-10-08;1315;35994;No
Represents;Niger Prostate;2023-04-13;428;73430;No
Lt;Amplifier;2023-11-23;114;3882;Yes
Rim;Rim;2024-08-01;1203;34314;No
Toxic Te;Likes;2023-10-26;276;98777;No
Brook;Holly;2024-09-21;1405;20095;No
Offered;Lanka Screw;2023-11-01;1104;66545;No
Vision;Vision;2024-06-01;415;8352;Yes
Managers;Elephant;2023-01-22;283;68359;Yes
Eng;Eng;2023-09-18;1135;44884;No
Hilton Eva;Help;2022-12-06;1135;1824;No
Presentations Ant;Presentations Ant;2023-11-06;634;30880;No
Tribute;Unix;2023-06-19;1500;86841;No
Substance Attractions;Substance Attractions;2022-12-26;1017;18134;Yes
Area;Democrats Frank;2023-10-20;154;84997;Yes
Explaining Hills;Apt;2023-04-14;311;62587;No
Quick Guns;Barriers;2023-07-04;994;65444;No
Myrtle;Dana;2023-12-10;1341;36421;Yes
Patrol Called;Ap;2024-08-19;242;26301;No
Mart Spencer;Behavioral;2023-12-05;1029;52048;Yes
Tall;Tall;2023-07-12;554;88497;Yes
Remove Wordpress;Remove Wordpress;2023-07-11;1066;3949;Yes
Consultation;Limousines Editions;2022-12-25;376;16335;Yes
Proof;Disposal Ri;2024-03-06;620;27024;Yes
Annie Numerical;Roberts;2023-03-14;1253;4931;No
Gate;Fault;2023-07-26;643;256;No
Gates;Gates;2024-10-14;445;40023;Yes
Yeast;Yeast;2023-06-17;441;71616;Yes
Missions;Arnold Games;2024-03-24;822;3188;Yes
Kyle;Appear;2024-04-09;67;58482;Yes
Souls;Souls;2024-04-16;93;62247;No
Auto;Marble;2023-02-11;307;69603;Yes
Phillips;Phillips;2024-07-08;1358;55055;No
Front Pk;Front Pk;2023-01-27;1010;52003;Yes
Tool Empty;Tool Empty;2022-11-09;453;73721;Yes
Mother;Permitted;2024-01-30;1441;68582;No
Map Existence;Thereby;2023-03-25;110;60648;Yes
Exit;Supplements Downtown;2023-03-21;1443;45942;No
Islamic;Hair Naughty;2024-01-04;234;29812;No
Maybe;Kb;2024-06-17;171;89717;No
Library;Trade Deluxe;2023-09-02;158;86308;Yes
Kenya;Kenya;2023-03-25;1162;11535;Yes
Injured;Injured;2023-05-01;456;53174;No
Organizer;Introductory;2024-08-31;1375;86461;Yes
Blanket Viruses;Carbon;2023-01-09;570;24825;Yes
Ex;Enhance Official;2024-03-03;423;35207;Yes
Industry Southern;Simulations;2024-04-25;632;79977;No
Utc Accident;Utc Accident;2022-12-10;770;38663;Yes
Pest;Pest;2022-12-07;79;13158;No
Digest;Digest;2024-08-21;393;51897;Yes
Dame Underlying;Stock;2024-03-25;414;94754;No
Stephanie;Scope Stores;2023-08-24;1002;45695;No
School;Talk Go;2023-05-11;1328;21305;Yes
Iraq;Iraq;2024-02-27;1018;51859;Yes
Quite;Spent;2023-02-03;693;90613;No
Douglas;Douglas;2023-10-30;490;15576;No
Corpus;Directed Inbox;2024-08-17;804;85042;No
Qualification;Rebound Ones;2022-12-26;339;37494;Yes
Threads Hunger;Ebook;2024-08-07;54;46911;No
Fs;Architectural;2024-07-10;960;96571;No
Santa;Signup Signing;2023-08-12;1249;40091;Yes
Exports;Exports;2023-05-28;1288;26512;Yes
Margaret;Imports Local;2023-05-23;1309;40057;Yes
Memories Considerations;Hats;2023-09-12;1105;1871;No
Baseball;Fees Tree;2024-05-12;313;45742;Yes
Maybe;Maybe;2023-12-10;644;94029;Yes
Charts Conflict;Rna;2024-02-04;398;1860;No
Clean Really;Focusing;2024-01-04;784;62384;No
Among;Among;2023-04-06;462;15098;No
Basement;Native;2024-07-05;378;3685;No
House;Bufing;2024-10-21;335;20676;No
Daily;Construct;2023-08-10;1196;43421;Yes
Rank;Building Forces;2023-05-04;1325;85619;Yes
Comparable;Comparable;2024-05-15;212;85394;Yes
Stuffed;Run Diffs;2022-10-30;840;21283;Yes
Substance;Rational;2023-07-07;599;61331;Yes
Or;Insects Screensaver;2023-01-16;138;60225;No
Belfast Syndication;Tongue;2023-11-18;342;90521;Yes
Respect Provide;Respect Provide;2024-06-24;569;26116;No
Merry;Merry;2023-09-14;1422;59511;No
Ky;Wordpress;2024-01-01;915;80780;Yes
Venture;Totals;2023-02-14;1152;87451;No
Wells Number;Various;2022-11-11;1080;54222;Yes
Takes;Takes;2023-07-28;849;20579;Yes
Espn;Espn;2024-06-19;1025;26445;Yes
Chronicle;Sql Joined;2024-05-12;1052;55392;Yes
Utc;Thompson Transfers;2024-06-21;171;18450;No
Compared Joshua;Herbs;2022-12-06;923;75563;No
Audi;Stephanie;2023-06-03;118;93980;No
Shaped;Shaped;2024-05-20;784;12051;Yes
Universe;Hormone;2023-11-21;382;64584;No
Zambia Obvious;Feet;2023-06-17;191;10122;Yes
Sony;Patricia Pb;2024-09-23;1059;30129;Yes
Keyword;Societies;2024-10-04;753;84231;No
Parental Worn;Wealth;2022-10-29;1298;63684;Yes
Challenged;Challenged;2024-09-04;136;1421;Yes
Blank;Reduced;2024-08-19;779;75092;Yes
Graduate;Shemale Voip;2022-11-07;908;20818;No
Ff;Stars;2024-10-05;50;11553;No
Angola Freebsd;Jan;2024-06-13;1352;59432;No
Cap Closes;Brilliant;2023-06-26;935;85838;Yes
Entertaining;Gb;2023-04-18;658;23779;No
Acquisition;Acquisition;2024-01-20;1442;38595;No
Receiving;Faith;2024-06-11;574;73305;Yes
Ontario;Massage Africa;2023-09-30;837;92433;Yes
Uzbekistan Acquire;Upload;2023-04-22;842;83182;Yes
Suggests Target;Suggests Target;2023-07-22;110;68897;Yes
Fifteen;Affiliated;2023-04-03;1173;15512;No
Allowed;Detail Introducing;2023-01-30;1177;80839;No
Therapy;Jonathan Inspection;2023-08-28;305;82563;No
Bool;Ee;2023-06-06;418;54267;No
Artist Sunset;Fridge;2023-01-14;496;22335;Yes
Canal Around;Render;2024-05-12;181;65802;Yes
Closing;Citysearch;2023-07-18;488;16377;No
Considers Fundraising;Port;2024-10-12;1441;90969;Yes
Sampling;Sampling;2022-11-21;1168;45705;No
Spots;Spots;2023-03-27;1231;12178;Yes
Bg;P Math;2022-11-24;860;10812;No
Rwanda;Rwanda;2024-08-20;646;93338;Yes
Germany;Cloud;2022-12-30;635;12643;No
Trusted;Trusted;2023-12-07;810;59818;Yes
Fda;Using;2023-02-05;1054;24309;Yes
Irrigation;Harbor;2024-01-02;1357;13204;Yes
Mortgage;Mortgage;2022-11-24;1213;75710;No
Wins;Bufing Cuisine;2023-02-18;526;48837;Yes
Porsche;Capability Frequent;2023-05-21;827;39863;No
Advance;Advance;2022-12-09;1303;31466;Yes
Correctly Arranged;Vii;2023-04-17;465;72157;No
Mathematics;Arg;2023-09-01;1016;55345;No
Visa;Sees Narrative;2024-03-11;82;7184;No
Earn Vs;Pennsylvania;2024-03-22;420;94333;Yes
Organize Bass;Organize Bass;2023-03-22;1418;60198;Yes
Resolve;Honors;2023-01-11;1276;62276;No
Pearl;Pearl;2023-11-26;1108;14721;No
Underwear Superb;Forbidden;2024-01-15;1493;9502;Yes
Angry;Angry;2024-05-20;1384;14830;No
Vietnamese Little;Editorial;2024-08-20;675;87218;Yes
Sms So;Desert;2024-01-20;1309;46553;Yes
Veterinary Jj;Counties;2023-06-24;243;91593;Yes
Mediterranean Important;Mediterranean Important;2024-04-24;110;88207;Yes
Expenditure;Expenditure;2024-07-12;169;86249;Yes
Confidence Whether;Confidence Whether;2024-06-24;248;11540;No
Metallic Marathon;Attempt;2023-12-08;1141;30530;Yes
Screenshot;Picnic;2022-12-29;1137;67186;Yes
Free;Reducing Stands;2022-11-13;1174;56077;No
Rent;Tgp;2023-11-14;1177;25251;No
Jpg;Jpg;2024-04-10;1206;54855;Yes
Cruise Produce;Cruise Produce;2023-01-09;375;25570;Yes
Voting Findarticles;Voting Findarticles;2024-05-22;399;37057;No
East;Molecular Imagine;2023-10-05;987;33917;Yes
Otherwise Jackets;Ext;2024-08-06;1438;94969;Yes
Transactions;Dust;2024-07-22;1408;88166;Yes
Consecutive Paintings;Consecutive Paintings;2024-09-14;446;19541;No
Iowa;Heaven Thing;2024-01-23;909;86730;No
Island;Residents;2023-01-08;225;17090;No
Restaurant Ga;Invoice;2023-11-02;889;4852;Yes
Kent;Mime Monitoring;2023-07-29;592;37507;No
Reduce Comparative;Reduce Comparative;2024-06-26;1429;85271;No
Li;Border Deeply;2023-02-28;113;16785;No
Utilities Az;Utilities Az;2023-05-16;479;24145;No
Develops;Flying Invalid;2022-12-12;951;65579;Yes
Mind Candidate;Gallery;2023-09-28;524;95030;No
Spoken Blacks;Documented;2023-07-23;1197;43944;Yes
Proceed;Objective;2023-01-13;746;29417;Yes
Tanks;Colour Strongly;2024-05-11;1252;18427;No
Collar;Lines Stating;2023-06-06;859;85144;No
Smart;Aboriginal Engineers;2023-06-01;1146;75863;No
America;Third;2024-04-11;497;64845;Yes
Gc;Gc;2023-07-20;868;6824;No
Career Issue;Cio;2023-09-03;132;5569;No
Facilitate Ministries;Kick;2023-08-06;1040;45132;No
Int;Junior Karaoke;2023-01-03;1334;21152;No
Thoroughly;Safe;2023-08-18;846;20414;Yes
Typing;Mx Fundraising;2023-12-19;1464;93847;No
Atlantic;Atlantic;2022-10-31;730;87202;Yes
Magical;Magical;2023-01-07;412;76482;Yes
Bi;Bi;2024-02-27;115;80580;No
Prize Consultancy;Prize Consultancy;2024-05-30;861;92304;No
User;Reseller;2024-01-13;1266;65377;No
Distinction;Sought;2023-12-30;1306;15725;Yes
Advice;Advice;2024-05-08;1259;76606;No
Entry;Entry;2024-01-12;1318;41615;Yes
Actress;Actress;2023-03-11;446;15426;No
Entitled;Name Thereby;2023-05-26;1084;5277;Yes
Served;Fragrance;2023-12-02;1495;46473;Yes
Discovery;Encyclopedia Franchise;2024-08-10;1367;65298;No
Purse Gore;Circuits;2024-06-28;980;20525;No
Fit;Christian Flower;2023-06-25;546;11398;No
Farms;Farms;2024-10-25;1422;43837;No
Tracks Website;Lou;2024-05-13;726;16039;Yes
Images Wedding;Reflects;2024-07-20;1350;59221;No
Fault Industrial;Louisiana;2024-07-09;1021;4593;Yes
Introduce Oxford;Merit;2023-08-07;976;22631;Yes
William Routine;William Routine;2023-05-04;466;46299;No
Auckland;Starter;2022-12-10;1447;33456;No
Lined;Lined;2024-01-28;924;25344;No
Poet;Seats Ya;2024-06-06;727;4618;Yes
Families;Families;2023-10-19;560;9718;Yes
Monitors Respiratory;Monitors Respiratory;2024-04-20;1304;21950;No
Physically;Consequences;2024-01-19;1033;70913;Yes
Upload;Jeff;2024-05-24;1471;67135;No
Kit;Kit;2023-02-18;423;84497;No
Latin Instance;Substitute;2023-08-22;1135;35202;Yes
Participate Cluster;Together;2023-05-23;289;45277;Yes
Kick;Declare;2022-12-18;778;685;No
Bidder;Bidder;2023-03-15;1254;23869;Yes
Exam Disappointed;Exam Disappointed;2023-08-22;731;32934;No
Describe;Describe;2023-07-02;539;50233;Yes
Relationship;Kb Strain;2023-02-19;1413;1495;No
Asus;Exclusively;2022-11-27;1273;29303;No
Jeans Had;Ability;2023-07-16;170;48251;No
Chains Cattle;Outcomes;2023-09-14;1108;95243;No
Soon;Hockey Feb;2024-03-13;1109;60003;Yes
Alice;Without;2024-04-17;184;96932;Yes
Demo;Host Census;2023-08-15;1135;96966;Yes
Accreditation;Reaching Keyboard;2024-06-23;251;74569;Yes
Len Austin;Presently;2023-06-27;1132;74621;Yes
Competitive;Atmosphere Medications;2024-04-09;86;31516;Yes
Fucking;Street;2023-08-09;1138;89219;Yes
Avoiding;Chassis Concentrate;2024-06-04;562;16158;No
Karen;Karen;2023-06-16;535;24505;No
Adding;Adding;2024-04-19;490;15004;Yes
Menus;Barcelona Electricity;2024-04-19;594;31474;Yes
Chamber;Chamber;2022-11-24;127;68867;Yes
Some Fin;Announce;2023-06-08;499;35478;No
Websites Learners;Websites Learners;2024-05-07;733;89192;No
Transferred Matthew;Childrens;2024-02-08;1451;85059;Yes
Bigger Ut;Union;2023-06-24;980;38578;Yes
Davis;Cu Someone;2023-04-24;817;95422;No
Assumes;Bedrooms Backing;2024-03-21;151;70859;No
Oil;Naples;2023-05-23;476;89774;No
Steering Lights;Shape;2023-06-03;348;72031;No
Map Hungary;Yeah;2023-09-16;211;74806;No
Hong Formed;Lone;2023-12-09;843;91548;No
Friendship;Aircraft;2024-06-17;469;56168;Yes
Road;Road;2023-04-14;762;85576;No
Guard;Offer Mfg;2023-09-30;1053;69142;No
Mls;Mls;2023-03-15;1133;81868;Yes
Sur;Zus;2023-10-10;624;74044;Yes
Picnic;Responses;2023-11-13;1093;90181;Yes
Suicide;Suicide;2023-10-17;661;60711;Yes
Articles;Stud Newspaper;2022-12-23;1035;91572;No
Basement;Sort;2023-12-28;553;95426;No
Order;Order;2024-06-17;771;60704;Yes
Herbal;Sand;2024-08-22;681;94127;Yes
Notre;Flight Powerpoint;2023-08-23;1356;93576;Yes
Typing;Gave Explicitly;2023-09-22;81;41452;No
Coach Hot;Stopping;2024-03-31;361;36125;Yes
Genetic Mere;Genetic Mere;2023-04-30;112;34373;No
Silly;Silly;2024-01-13;1142;23611;Yes
Attack;Abu;2023-09-29;915;97109;No
Ebook;Christina Fraser;2023-10-10;1116;78328;No
Geographic;Exercise Projectors;2022-12-23;929;21288;No
Wear;Spots Voters;2024-07-16;599;80368;No
Eval Nearby;Francisco;2024-07-27;1423;50023;Yes
Batteries;Batteries;2023-11-17;143;37935;No
Faced;Leo;2023-12-18;1228;50910;No
Speaker;Speaker;2023-01-14;551;7254;No
Zoom Candidate;Zoom Candidate;2024-08-21;1218;23814;No
Cp;Very Qty;2023-12-16;626;11526;No
Finished Naked;Finished Naked;2023-07-21;1289;88610;No
Nudity;Keep;2023-03-21;77;47;Yes
Chicks Mild;Chicks Mild;2023-08-04;1452;47161;Yes
Grid Diego;Grid Diego;2023-04-28;168;5733;No
Supervision;Likewise;2023-04-15;935;15588;No
Seem;Seem;2024-02-27;1067;17284;Yes
Chrysler;Belongs Johnson;2024-07-06;408;79225;Yes
Calif Located;Consolidated;2024-10-18;168;64411;Yes
Remarkable Austria;Institute;2024-07-06;634;22246;No
Permalink;Permalink;2022-11-16;702;76867;No
Freely;Sue;2023-08-08;113;86595;No
Fires;Fires;2023-05-10;61;84084;No
Eternal Managing;Proceed;2022-12-01;569;92476;Yes
Care;Oils;2023-07-04;1393;59381;Yes
Peter;Costa Negative;2024-04-15;763;86621;Yes
Paper;Ppm Jungle;2024-03-11;1422;27051;Yes
Jpeg;Jpeg;2024-03-25;254;93310;Yes
Upper Ruled;Bean;2023-05-01;735;66153;No
Kw;Emissions;2023-10-12;878;53114;Yes
Presentations Nj;Presentations Nj;2023-01-14;532;28290;No
Wiki;Wiki;2024-03-20;712;57252;No
Encounter;Solved Here;2022-11-29;1431;7319;Yes
Fortune;Hunter Houston;2024-08-18;1011;98639;No
Release Peer;Ep;2024-04-22;920;39116;Yes
Cult;Cult;2023-02-08;1266;35094;Yes
Venue;Qualified;2024-03-21;915;45209;No
Games;Dk;2023-01-27;1196;11675;Yes
Pressed Old;Pressed Old;2023-07-18;1145;60056;Yes
Xbox;Amazoncom P;2024-10-05;1211;91621;No
Priest;Exam;2023-10-17;1355;73246;Yes
Destruction;Destruction;2023-01-26;725;13333;Yes
Spice;Tommy;2022-12-28;218;16026;Yes
Tower Stable;Tower Stable;2023-03-13;1440;9494;No
Prozac;Delivering;2023-09-01;113;82394;No
Adopt;Adopt;2022-12-30;959;66397;Yes
Wait;Wait;2023-02-13;424;28237;Yes
Participate Blank;Participate Blank;2023-09-30;1087;58636;No
Decent Bunny;Decent Bunny;2023-06-09;494;44754;Yes
Lanes;Oe;2024-04-13;1441;9923;Yes
Twisted;Arthritis;2024-01-20;299;52656;No
Wicked;Wicked;2023-09-13;629;97714;Yes
Aruba;Notified;2024-02-20;1059;42369;Yes
Hood Many;Shine;2024-10-07;270;13057;No
Lions;Caroline;2022-12-26;783;13290;No
Examining;Model Nintendo;2024-06-02;673;48577;No
Seller;Seller;2022-11-20;1212;51778;Yes
Ideas;Dd;2024-07-02;517;46969;Yes
Ingredients;Kg;2024-09-26;240;61489;Yes
Does;Does;2024-01-26;1184;43504;Yes
Dash;Equality Lots;2023-08-21;611;84170;No
Varying;Driving Ellen;2024-07-14;1418;14310;No
Supervisor;Handmade Belts;2024-07-06;467;90643;Yes
Savings;Savings;2023-07-03;507;75040;Yes
Fence;Ing;2023-11-21;790;41808;Yes
Indicate;Ste;2024-09-23;81;87613;Yes
Seemed;Daniel;2023-11-24;1121;60970;Yes
Properties;Slut;2024-05-03;862;45617;Yes
Matthew;Scottish Examines;2023-04-29;423;23966;Yes
Audi Mount;Teach;2023-09-02;822;99829;No
Potentially;Key;2023-10-02;941;68612;No
Prince Convertible;Supervision;2023-11-18;1030;92600;No
Excitement Firms;Excitement Firms;2023-02-07;523;27181;No
Bottles;Respective Tier;2024-08-07;1191;41019;No
General Exceptions;Install;2023-06-25;596;30147;Yes
Hung;Geology Italian;2023-09-05;272;49643;Yes
Mariah Spring;Times;2023-12-07;1034;74362;Yes
Join;Waiver Prefix;2024-02-23;1354;82592;No
Kitty Blogging;Keyboard;2023-01-09;397;27699;No
Lucky;Lucky;2024-01-25;327;69613;Yes
Married;Married;2023-07-11;66;9667;No
Voyuer;Grateful;2022-12-22;300;41244;Yes
Upskirt Property;Bmw;2023-01-07;393;2416;No
Ceramic Penn;Gasoline;2023-06-23;1231;34332;Yes
Technologies;Si Logistics;2024-06-26;1178;50899;Yes
Sure Respiratory;Sure Respiratory;2024-01-08;181;4175;No
Firm Ssl;Fc;2023-01-31;288;76726;No
Expressions;Powers Queen;2023-06-10;1087;55948;Yes
Thick Painful;Literacy;2024-09-09;56;37924;No
Grip;Hitachi Finals;2023-08-06;807;33265;Yes
Wrong;Exp;2024-01-24;114;71914;No
Author;Author;2024-05-01;1123;70906;Yes
Helicopter;Helicopter;2022-12-09;87;68042;Yes
Groups;Relocation Allah;2023-03-24;287;94170;No
Giant;Lebanon;2023-04-24;839;45995;Yes
Zshops;Zshops;2024-10-07;816;38080;No
Addressing;Decades Destiny;2023-05-01;1356;45349;No
Pakistan;Luxury;2024-07-21;1062;62228;Yes
Cedar;Neighbors;2024-04-07;1497;18950;No
Bw Solve;Beef;2024-01-14;1183;35494;Yes
Call;Cruise;2023-09-25;805;49928;No
Agencies;Porcelain;2023-10-12;1241;49274;Yes
Bacterial;Dvd Sticks;2024-10-03;641;49173;No
Dev;Royal;2024-07-03;1301;23258;Yes
Albania;Albania;2023-05-26;1068;4622;Yes
Crossword;Volleyball;2023-08-10;1404;26596;No
Uh;Networking Kong;2023-04-07;609;45127;No
Oxford;Oxford;2022-11-14;191;9319;No
Accordingly;Riverside Rg;2024-01-15;967;67489;No
Daughters;Xml Standard;2024-07-09;223;70973;Yes
Teenage;Tvs Transition;2024-02-15;1484;50586;No
Headphones;Semi;2024-07-22;115;47051;No
Italiano;Wanted;2024-02-27;200;76670;No
Hobby;Bingo Ken;2023-09-26;644;52103;Yes
Mongolia Refine;Pulse;2024-09-17;617;59875;Yes
Capable;Badly Fixed;2024-02-20;808;53482;No
Pot Drivers;Select;2023-11-18;1010;31696;No
Chase;Image Difficult;2023-12-11;1088;95696;Yes
Jpeg;Wto;2024-10-06;465;88155;No
Influences Princeton;Explains;2023-02-09;1172;55536;Yes
Cheaper;Vermont Clark;2024-01-30;784;33666;Yes
Eu Figures;Flow;2024-07-02;671;27244;Yes
Participants Mexican;Participants Mexican;2023-07-15;836;54054;No
Username;Distributions;2024-03-19;742;31983;No
Implementing;Soundtrack Checking;2023-03-15;547;77488;No
Legitimate;Interstate Lloyd;2024-09-30;874;90202;No
Staying;Staying;2024-09-19;181;1733;No
Logitech;Logitech;2024-04-17;1091;64501;No
Thereof Inexpensive;Thereof Inexpensive;2022-11-23;65;52609;No
Tickets;Destroyed;2023-09-25;1486;76963;Yes
Autumn;Reasons;2024-03-03;208;3857;No
Rage Quarters;Os;2023-05-29;768;4642;No
Graphical;Graphical;2024-01-06;302;98520;No
Sin;Sin;2023-04-25;501;28854;No
Reductions;Superintendent;2023-12-24;939;76067;Yes
Similar Package;Voluntary;2024-02-15;822;95942;No
Rugs Nylon;Reliability;2024-07-05;527;2768;Yes
Tube;Sanyo Focusing;2023-04-24;1375;56163;No
Usgs Exactly;Prison;2024-01-10;916;5148;Yes
Entities;Entities;2023-05-29;1158;54522;Yes
Threesome;Purchased Hamburg;2023-03-25;484;69636;No
Tasks Calif;Yarn;2023-03-18;1485;515;Yes
Museum Slovakia;Back;2022-11-22;363;12410;Yes
Lesbians Suppose;Push;2023-08-21;134;63989;No
