David Leblanc;1987-02-03;76962;2021-11-25;Delaware
William Franklin;1991-07-16;76050;2018-07-06;Pages
William Dennis;1965-11-27;59395;2021-06-11;Pounds
Ronald Robinson;1959-01-18;9878;2021-05-07;Corners
Rhonda Long;2003-08-23;10065;2019-12-01;Fare Examine
Kristin Bryan;1967-05-21;50071;2018-12-08;Guide Institute
Terry Woodward;1996-10-07;68447;2021-08-14;Contributions
Brandon Williams;2000-03-04;46652;2022-01-03;Revised
Troy Jackson;1966-02-28;25664;2018-12-06;Semester
Tammy Cook;1955-02-11;23795;2021-03-28;Question Muscles
Tyler Hodge;1983-02-19;51103;2018-12-25;Dont
Linda Smith;1985-12-30;36030;2018-11-17;Sudden
Leah Wilkins DVM;2003-05-07;12057;2019-06-10;Showers
Kyle Herrera;1993-06-03;73830;2021-09-15;Next
Patricia Smith;1999-10-01;1826;2021-04-07;Either Danish
Gregory Wong;1972-03-17;81349;2019-12-14;Algeria
Courtney Hernandez;1959-10-19;13607;2021-05-02;Material
Ronald Jacobs;1987-03-18;51417;2021-01-18;Sister Distributed
Eric Molina;1955-08-27;70786;2021-10-15;Benjamin Particle
Mitchell Baker;1979-01-02;91714;2022-06-06;Jobs
Dr. Danielle Byrd MD;2001-07-02;47337;2020-02-15;Tournament Overcome
Mr. Joseph Collins;1991-02-28;36694;2018-12-21;Invention Comes
Sherry Dodson;1959-06-29;67384;2018-04-07;Circle An
Michael Walker;1973-09-30;98995;2021-03-26;Brad Collectible
Daniel Moyer;1985-02-04;78101;2019-01-15;Charlie
Anne Hensley;1987-07-22;84098;2020-09-09;Domain
Robert Howell;1963-12-19;63861;2022-02-07;Tions
Mark Diaz;2002-02-27;24324;2020-06-12;Southern
Seth West;1974-07-03;18956;2018-10-31;Experiment
Philip Williams;1960-06-30;38855;2021-04-27;Wealth Sprint
Kyle Nunez;1982-08-18;32377;2022-07-20;Phase
Stephen Grimes;1962-12-13;3587;2021-12-23;Scary
Tonya Jones;1976-07-13;69503;2019-03-03;Salaries
Aaron Baker;1961-05-24;45785;2020-05-01;Nevada
Tamara Thompson;1962-08-27;21369;2020-07-27;Blood
James Goodman;1978-04-12;39163;2020-08-01;Missing
Justin Clements;1973-09-05;47606;2022-07-25;Pizza
Philip Thomas DDS;2002-05-23;61443;2018-03-14;Steel
Anthony Kelly;1998-10-21;31545;2018-03-09;Revisions Rural
Edward Ryan;1972-02-03;1694;2021-04-19;Erik Fcc
Alyssa Thompson;2000-05-17;40454;2018-09-27;Intellectual
Rachel Esparza;2003-06-02;92612;2018-05-27;Think
Brandy Henry;1984-08-19;1919;2021-12-02;Sustained
Ashley Walker;1968-12-28;34436;2021-03-22;Analyst Proceed
Katie Chaney;1953-01-22;15047;2020-04-13;Daily
William Rose;2002-08-15;81240;2018-11-22;Mad
Sarah Rodriguez;1992-05-16;11807;2022-06-10;Inspector
Timothy Hall;1994-07-02;36242;2021-07-18;Folks Libs
Lori Bowen;1980-05-26;71135;2019-06-07;Grown
Yvonne Blackburn;1960-10-08;70550;2018-03-22;Fed Rider
Valerie Lee;1988-02-04;1403;2018-08-12;Changes
Mary Johnson;1961-02-12;96258;2019-07-27;Candidate Maximize
Robert Christensen;1988-07-27;47794;2021-06-23;Vermont
Steve Jarvis;2002-03-20;46937;2017-11-30;Computing
Greg Decker;1987-01-03;4834;2019-02-24;Major
Joseph Martin;1971-10-13;38587;2022-08-06;Making
Edward Lewis;1981-12-26;690;2020-11-14;Woods
Stephanie Garcia;2003-07-18;48777;2019-02-19;Press
Jasmine Burch;1982-09-29;53110;2019-04-17;Hepatitis
Sandra Larson;1991-05-08;30208;2018-12-09;Cfr
Bruce Wilson;1994-08-07;40704;2020-07-09;Aquarium
Robert Cabrera;1988-03-24;8537;2019-01-08;Wallpapers
Joe Robinson;1989-03-24;61987;2018-07-16;Answer Vacations
Jacqueline Martin;1990-04-02;93821;2018-05-04;Cent Fonts
Michael Harris;1985-08-23;92985;2018-05-30;Contrast Dedicated
Jamie Powell;1989-03-12;45099;2020-07-24;Provide
John Davis;1967-04-10;11237;2018-02-28;Tutorials
Luke Byrd;1957-05-31;3165;2022-07-07;Measuring
Paul Martinez;1974-08-04;39829;2018-01-04;Trusted
Leslie Jackson;1978-01-25;9925;2021-09-18;Detailed
Michael Mills;1994-05-22;1000;2020-07-28;Voip
Brittany Wood;2004-07-01;42930;2020-10-07;Arrangements
Erin Ortiz;1988-02-16;23051;2020-08-09;Trains
Elizabeth Adkins;1989-07-04;87461;2018-11-04;Intensive
Cathy Ramirez;1965-09-23;78397;2020-04-28;Paragraphs Costa
Kristi Bean;1953-03-16;58051;2020-04-24;Seal Arctic
Teresa Smith;1986-07-20;46641;2020-02-02;Boc
Anne Anderson;1994-06-14;20281;2019-03-08;Reward
Anthony Bowers;1982-02-03;73777;2018-08-18;Java Swedish
Todd Brooks;2003-01-18;5939;2018-07-10;Peace
Heather Johnson;1972-07-12;15770;2017-10-09;Genesis Precious
Emily Daniels;1963-07-13;68849;2022-07-27;Rely Sees
Michael Ellison;1961-11-04;15976;2019-07-16;Mat Heroes
Shawn Goodman;1961-12-07;54020;2017-12-23;Customise Screensaver
Edward Frank;1983-11-02;92493;2019-07-14;Utilities
Michelle Fisher;1969-02-08;23130;2022-02-24;Demonstrated
Carol Robinson;1957-02-09;64337;2020-10-30;Inspired Provides
Sabrina Murillo;1969-08-31;25213;2018-09-22;Circuits
Jennifer Russell;2000-09-14;32124;2020-12-05;Briefing Demonstrated
David Singh;1981-03-06;30688;2022-01-11;Reported Export
Virginia Brooks;1971-03-11;57413;2021-08-11;Rss Eagle
Veronica Hudson;1961-06-10;20324;2017-11-01;Hungry
Nicholas Jacobs;1987-11-02;30567;2017-09-23;Chocolate
Lauren Hernandez;1987-06-19;31863;2019-06-19;India
Teresa Watson;1962-03-18;30231;2017-11-14;Responded
Kevin Collins;2001-09-20;8229;2018-06-30;Val
Roger Moore;1970-10-08;86004;2018-07-07;Weblogs
Jodi Knox;1976-05-19;27310;2018-11-09;Though
Brittany Wilson;1994-08-17;25979;2018-11-15;Vanilla
Vanessa Howard;1968-09-13;39825;2020-04-07;Bedrooms Indeed
Timothy Johnston;1957-07-24;8049;2020-10-02;Accent
Lorraine Mack;1976-10-25;47925;2022-03-09;Op Leather
Brian Cruz;2003-10-01;7928;2022-07-12;Andy
Deborah Carlson;1961-09-24;8695;2022-02-26;Safety
Lee Gill;1975-03-06;74644;2022-09-02;Venice
Laura Page;1960-08-10;79324;2022-07-08;Flashing Donors
Abigail Ruiz;1978-05-15;4735;2017-09-25;Language Bicycle
Jason Good;1983-08-25;58308;2020-01-14;Request Waiting
Mark Walsh;1992-06-28;77380;2020-08-03;Fires
Danny Floyd;1975-07-30;11133;2021-11-12;Grew
Kenneth Liu;1982-11-06;58797;2021-10-27;Postcards
Melissa Meyer;1971-02-08;52274;2017-10-27;Separated
Jonathan Thomas;1991-03-31;46605;2018-10-25;Sessions
Sandra Jackson;1974-09-10;2178;2019-12-17;Fuel Niger
Carl Cooper;1967-04-23;94888;2020-10-25;Inserted
Anna Joseph;1957-02-04;93740;2021-01-15;Id Hwy
Derrick Becker;2003-12-27;88601;2018-10-23;Issue
Brian Terrell;1968-10-09;96165;2022-02-28;Calls Delta
Mr. Stephen Cooper DDS;1965-04-08;16440;2017-11-04;Lay
John Alvarez;1999-08-30;86930;2021-09-09;Bg Generic
Debbie Estes;1970-11-07;77054;2019-11-02;Inn
Danielle Horn;2001-04-01;73807;2019-04-01;Mystery
Christine Rios;1969-03-26;12918;2021-11-30;Variance Predict
Johnathan Hunter;1983-12-29;70875;2021-11-14;Dresses
Bryan Johnson;1980-10-09;82536;2019-03-27;Generation
David Johnson;1969-06-29;87912;2018-12-11;Brokers
Isabella Cox;1985-09-27;93479;2019-03-28;Membership
Tiffany Meyer;1977-08-22;62343;2019-07-05;Tied
Leah Mitchell;2003-04-23;5654;2020-01-20;Lawyers
Debra Allen;1976-08-23;27898;2021-06-15;Council
Christopher Patrick;1999-06-20;98260;2019-06-12;Poland
Austin Lawson;1999-10-25;54569;2020-07-22;Precipitation Beat
Jermaine Malone;1995-04-25;15959;2019-01-09;Directors
Jason Ayers;1968-08-23;64546;2022-04-19;Richard
Jennifer Horton;1957-09-23;48833;2021-01-31;Named
Jamie Oliver;1959-01-15;82136;2017-10-18;Mrs Postcards
Scott Cox;1988-11-07;90784;2019-05-29;Drew
Nicole Simmons;1984-06-24;29516;2017-10-12;Triangle
Christopher White;1971-12-04;68667;2021-08-18;Subcommittee Toward
Nicole Rivera;1979-10-15;69006;2018-06-20;Birthday
Richard Gordon;1979-07-06;10120;2017-11-16;Designing
Connie Smith;1987-10-30;33298;2022-01-14;Athletic
Valerie Gonzalez;1993-08-03;6035;2021-06-15;Westminster
Jesse Mendez;1989-10-13;34577;2022-05-06;Binding
Brittney Brown;1999-03-22;61949;2018-05-13;Appropriate
Matthew Patterson;1978-02-13;2580;2021-05-14;Functionality
Ryan Wiggins;1970-09-24;6942;2020-02-11;Month
Jessica Webb;1984-07-11;94856;2019-06-25;Medicare
Samantha Lopez;1958-07-14;72461;2021-06-30;Origins
Brittany Jefferson;1996-08-17;61629;2018-03-24;Licensing
Thomas Stewart;1968-12-08;69028;2020-07-28;Sox
Paige Taylor;1990-08-31;47512;2020-10-20;Intl Concrete
Kimberly Wells;1956-05-03;97591;2018-01-20;Hopes
Tara Bryant;1989-01-31;32828;2018-07-31;Concerned
Caitlin Thomas;1987-04-02;44794;2020-05-12;Stops Stainless
Kristine Robinson;1995-03-19;71008;2017-10-19;Exec Participating
Seth Juarez;1973-03-26;95359;2019-12-25;Professional Suggest
Laura Escobar;1956-09-10;67369;2019-07-01;Homeless
Christopher Velazquez;1997-05-16;57069;2020-02-27;Fish Deny
Dennis Lozano;1964-11-07;59432;2021-10-04;Affairs
Jim Campbell;1987-05-18;10810;2019-07-10;Footwear Phpbb
Michael Blair;1972-09-06;42615;2019-02-14;Refer
Jennifer Smith;1999-03-17;8905;2018-12-14;Afterwards
David Knight;1979-10-03;43366;2021-04-03;Reproductive Palace
Austin Johnson;1973-08-30;4644;2018-03-08;Impacts
Tammy Harris;1953-11-13;92426;2019-10-12;Donations Offered
William Garcia;1971-03-11;34765;2021-09-21;Pvc
Michael Barker;1987-02-17;65202;2018-02-18;Disc
Jasmine Miller;1988-02-15;21256;2021-11-03;Reset Neck
Danielle Bennett;2004-03-12;30322;2019-04-19;Nude Wma
Joseph Zimmerman;1985-11-17;75903;2022-06-24;Hazards
Amy Warner;1965-06-28;64969;2020-08-28;Hours
Mary Daniels;1993-01-20;47454;2018-11-30;Collecting
Nancy Garcia;1969-08-05;16874;2017-09-23;Features
Todd Mahoney;1971-08-16;55043;2019-06-10;Stupid
Steven Peterson;1960-02-23;12304;2022-05-02;Votes Miscellaneous
Mr. Michael Palmer;1955-10-30;93316;2020-11-14;Statistics
Robert Cole;1978-11-27;89211;2020-05-02;Pipeline
Tyrone Martin;1992-12-25;64694;2018-12-12;Thomson
Scott Harris;1981-02-18;90703;2017-11-09;Milwaukee
Stephen Jones;1967-03-30;84738;2021-08-05;Ba Fuel
Shawn Wilson;1989-01-21;17474;2022-03-27;Accessories Robots
Joyce Turner;1990-03-01;79071;2018-02-10;Tomatoes
Donald Perez;1973-09-17;83899;2019-03-27;Sphere
Jeffery Howard;2000-06-10;33909;2018-09-01;Speed
Shelley Foster;1961-10-20;30451;2017-09-17;Demonstrated
Drew Flores;1977-12-20;54483;2021-06-18;Segments Drops
Dr. Michael Brown MD;1985-10-24;11093;2021-01-20;Neighbor Nissan
Terrence White;1987-11-10;8214;2018-07-27;Ac Transsexual
Stephen Benson;1966-04-07;33551;2020-09-21;Inline
David Porter DDS;1986-02-17;71309;2018-11-03;Realized
Gary Wilson;1977-05-15;67988;2019-08-30;Cheap
Christopher Miller;1968-06-27;73407;2021-05-14;Spam
Deanna Watkins;1966-05-22;74260;2019-11-14;Colleges Optics
Edward Baker;1990-06-23;64616;2021-10-26;Fit
Reginald Mejia;1960-12-18;56506;2018-05-12;G
Brenda Gibson;1975-10-01;90100;2018-06-18;Fridge
Jonathan Kirk;1999-03-17;56707;2021-12-07;Chi Q
Gavin Nguyen;2002-12-21;94744;2020-09-01;Preventing
Matthew Livingston;1953-10-09;52926;2019-05-29;Shooting Subscriptions
Joel Figueroa;1977-05-03;75819;2018-01-23;Heritage
Julian Stephens;1978-07-31;2084;2021-01-30;Craig Consistency
William Ford;1977-03-09;49059;2022-07-10;Retreat Stranger
Jordan Mcguire;1964-01-28;68166;2018-08-01;Legendary
Mary Gonzales;1969-12-05;97289;2020-04-25;Shield
Oscar Tran;1973-03-03;30076;2022-08-21;Flesh Heel
Henry Woods;1973-10-12;45589;2017-12-05;Travis Von
Katelyn Jacobs;1962-04-01;82059;2022-09-14;Resolution
Jason Rogers;1992-03-04;34564;2019-10-02;Construct
Amanda Garner;1993-04-20;29867;2018-03-07;Victims
Richard Phillips;1997-02-18;14483;2019-11-22;Ordinary
Kristen Richardson;2003-02-24;3018;2022-02-09;Abs
Robert Aguilar;1956-07-23;38220;2019-05-18;Ii Nut
Angela Baker;1960-11-17;78536;2021-03-01;Hammer
Sara Delacruz;1996-02-07;29531;2020-12-21;Lauderdale
Mr. Matthew Adams;1974-07-27;73338;2019-04-28;Entirely
Sandra Miller;1988-02-25;99240;2020-02-03;Consider
Jacqueline Thompson;1956-11-26;18301;2021-09-18;Instrumental
Samantha Smith;1957-12-13;55116;2022-05-11;Harmony Friends
Lucas Nelson;2002-08-27;16818;2019-06-15;Final Tonight
Matthew Scott;1968-07-22;47651;2021-04-11;Ace Lemon
Joseph Phillips;1956-05-27;94417;2022-03-19;Realty
Edward Aguilar;1995-03-22;31667;2019-07-23;Transferred Choice
Ashley Richmond;1968-12-01;97662;2019-09-11;Entries
Barbara Stein;1992-05-08;65018;2022-06-08;Bureau
Ashley Bush;1975-06-07;10503;2022-01-30;Palestinian
Morgan Warner;1972-06-25;88193;2017-09-22;Radar
Darrell Garcia;1974-01-08;14322;2018-02-15;Descending
Stacey Perez;1955-03-28;52396;2019-08-11;Behind La
Marcus Ryan;1972-06-02;61188;2019-02-17;Pat
David Cole;1977-06-26;69633;2019-03-29;Shortcuts
Mark Scott;1960-06-09;83590;2017-10-30;Copyright
Rebecca Williams;1986-05-14;70354;2021-09-03;Dead
Richard Long;1960-04-08;98283;2020-01-14;Pixel
Nichole Edwards;1990-01-04;15050;2021-12-22;Batteries
Caitlin Gray;1966-11-19;9651;2021-02-02;Contributed Shadows
Chad Roberts;1996-11-24;85724;2021-04-04;Nuke
Kevin Andersen;1960-08-23;98536;2022-05-01;Links
Anna Washington;1969-04-17;17441;2019-05-13;Prostores
Bryan Gilbert;1986-03-17;52497;2022-09-03;Victims Automation
Molly Murray;1964-09-19;50232;2018-06-26;Lf Chronicle
Patricia Serrano;1978-12-04;84698;2020-07-31;Closest
Shelly Graham;1998-12-12;16532;2018-05-08;Del Freeware
Mr. Reginald Armstrong;1995-11-03;74205;2020-12-30;Spend
Dr. Elizabeth Robles;1977-03-22;93400;2022-02-06;Instantly
Robert Kirby;2004-04-04;8219;2020-12-25;Completely
Carolyn Santana;1996-07-31;4487;2020-10-28;Kathy
Anthony Lane;1972-07-20;65642;2020-06-20;Return
Timothy Mccann;1981-08-22;43996;2019-08-29;Catch
Kenneth Stevens;1997-09-05;70930;2018-09-11;Even
Bobby Leon;1956-08-24;6144;2019-02-21;Viewing
Jason Perry;2000-04-16;31666;2022-08-07;Percentage
Stacy Stafford;1960-09-28;8147;2018-12-29;Pod
Alisha Brewer;1996-11-02;37030;2022-01-18;Venues
Gregg Flynn;1980-06-18;13572;2022-07-26;Donations
Sarah Johnson;1983-08-14;75405;2018-06-01;Only
Amy Walters;1954-02-27;45057;2019-07-19;Party
Kevin Willis;1984-11-22;31644;2019-01-12;Valuation
Angelica Smith MD;1994-05-01;57229;2019-06-22;Tokyo
Catherine Woods;1973-09-22;4546;2021-03-01;Mail
Joseph Brown;1988-02-16;66729;2019-09-03;Warner
Kent Cruz;1990-01-17;42445;2020-08-29;Gives Vp
William Mendoza;2002-02-13;66659;2021-07-04;Sacred
Javier Odom;1994-01-28;79285;2017-10-06;Subtle Directly
Chad Parker;1988-06-10;53333;2022-03-21;Sas
Erika Doyle;2001-05-29;8297;2018-08-25;Naturally
Amanda Underwood;1962-12-31;31088;2018-06-02;Impressed Sleeps
Timothy Hoffman;1979-03-09;72509;2019-03-12;Wet
Lisa Gray;1994-04-19;64500;2018-04-04;Mitsubishi Wants
Holly Payne;1972-12-02;5404;2018-02-08;Celebs
Denise Green;1994-11-02;30857;2020-10-21;Beautifully Ion
Stephanie Madden;1953-06-19;38443;2020-07-10;Biggest Population
Michael Padilla;1986-07-27;30126;2020-04-30;Surgical
Amanda Martinez;1979-02-16;92783;2017-10-08;Transfers
Natasha Avery;1955-04-10;33239;2021-05-08;Pocket
Jessica Chung;2002-06-15;75301;2021-11-21;Cookbook
Laura Bishop;1955-01-26;77559;2021-10-03;Cubic
Amy Higgins;1962-07-25;85528;2017-12-26;Lean Humanity
Andrea Reed;1981-12-08;58838;2018-12-03;Happened Premier
Sylvia King;1970-01-19;14574;2022-08-15;Ie Exchange
Luis Hamilton;1985-10-27;31845;2017-09-26;Discover
Veronica Roberts;1987-05-11;33371;2017-11-17;Laptops
Tracie Hernandez;1964-07-31;48922;2019-09-28;Highways Aquarium
Angela Williams;1978-04-30;30807;2019-11-15;Shaw
Joseph Allen;2000-09-10;47106;2018-04-17;Christ
Dawn Bridges;2003-09-26;26947;2017-09-18;Without
Calvin Jackson;1984-07-07;41947;2020-03-07;Slovak
Amanda Davis;1959-11-07;9633;2021-12-06;Value
Michael Romero;1984-06-11;22841;2019-05-12;Buck
Seth Cruz;1984-02-13;29137;2018-08-30;Draft
Regina Holmes;1976-07-12;49256;2019-12-18;Extensions
Bryan Mora;1956-11-02;45970;2021-06-11;Tooth Beach
Erika Wyatt DDS;1980-06-11;84621;2018-04-01;Von
Mark Watson;1958-07-24;71020;2018-02-28;Car
Jessica Martin;1993-04-15;59658;2018-11-09;Crisis
Michael Anderson;1977-04-11;48309;2022-05-20;Julie
Nicole Wang;1959-11-28;26673;2019-01-02;Conducted
Suzanne Duncan;1971-09-27;73927;2019-11-07;Doubt Heroes
Kevin Clayton;2001-12-02;29397;2019-09-09;Monitoring Classics
Dawn Duke;1963-05-29;1419;2018-02-25;Nottingham
Cory Boyd;2001-07-27;28285;2018-08-04;Basket Threat
Carla Macias;2002-03-21;80513;2021-03-14;Loops
Brittany Roberts;2004-06-04;81424;2022-09-07;Wed Hypothesis
Veronica Ramsey;1999-07-24;72531;2018-04-07;Bermuda
Angela Castaneda;1978-05-21;27217;2019-05-31;Plates Sega
Allison Frank;1955-08-20;17077;2018-02-15;Essentially Markers
Justin Warren;1980-05-17;61340;2019-08-23;Tribe
Christopher Ramos;1984-11-14;89519;2020-05-06;Levels
Laura Payne;1980-09-03;68665;2019-05-11;Thereafter
Jennifer Hendrix;1959-12-10;89401;2021-12-24;Wc
Jose Mason;1974-11-02;68831;2019-12-26;Fares
Lisa Cantu;1971-09-20;7617;2022-05-25;Deserve
Brenda Welch;1987-08-02;36083;2022-04-06;Hell Academics
Allen Foster;1962-12-07;25174;2022-06-21;Infant
Brandi Heath;1981-10-26;9205;2019-05-10;Dis
Molly Gonzalez;1994-01-01;82344;2017-12-09;Somewhat
Sarah Weaver;1955-06-29;8384;2018-01-15;Antiques Mixer
Dean Hernandez;1990-04-14;38078;2020-08-23;Gambling Experiencing
Stephen Richard;1990-05-14;10546;2018-05-20;Debut
Tanya Mckee;1966-01-01;32307;2019-04-09;Ws
Veronica Lopez;1968-08-04;72765;2020-09-16;Okay
Amy Sanchez;1974-09-23;74189;2020-01-28;Retained
Tara Lowery;1985-03-21;2885;2019-11-02;Chorus
Stephanie Carney;1982-02-22;99694;2022-03-30;Exempt Pantyhose
Keith Brown;1979-01-19;73453;2019-09-02;Jesus
Emily Lopez;1992-01-23;47981;2020-01-15;Salmon
Brian Thomas;1997-02-03;80045;2021-08-12;Faculty
John Fuller;1994-04-03;60925;2020-03-16;Raymond Advertise
Kevin Davis;1968-11-22;27135;2022-06-19;Ez Headlines
Alyssa Carrillo;2002-06-09;54200;2022-07-29;Comparing
Robert Randolph;1964-01-17;42686;2020-01-02;Barrel
Maria Wong;1977-11-24;19851;2018-06-05;Files
Belinda Moore DVM;1972-02-07;80239;2020-07-28;Later Estate
Mr. James Hunt;1985-11-01;4484;2018-05-05;Mortgages
Amanda Moreno;1963-10-01;64634;2018-04-10;Beside Christine
Brenda Grant;2001-08-21;7390;2017-11-08;Cleanup
Jonathan Brown;1960-01-24;57732;2021-10-08;Voyeurweb Aug
Beth King;1959-05-22;3520;2022-05-26;Concerns
Victoria Cohen;1973-12-26;50096;2018-12-30;Chair
Michael Rogers;1968-11-10;49529;2018-03-18;Claims
Stacy Gross;1968-07-29;87711;2019-10-23;Root
Miguel Pearson;1957-01-27;31137;2018-03-19;Pct
Christopher Hunter;1957-12-31;47625;2021-10-18;Separate
Carolyn Morgan;1965-06-24;3652;2019-06-12;Published Directory
Joel Garrett;1965-12-16;26416;2018-06-04;Ma
Elizabeth Craig;1956-05-28;71298;2018-10-06;Costs
Aaron Ryan;1984-09-15;71962;2018-05-21;Nr
Joseph Foster;1965-07-09;77865;2020-02-22;Imagine
Michelle Crane DDS;1991-03-27;5064;2017-12-19;Protection Legitimate
Bethany Black PhD;1956-04-14;10497;2018-11-12;Organizations
Stephen Riley;1984-03-01;3032;2019-05-12;Escape
Angela Parker;1975-08-07;58907;2021-11-09;Cancel
Edward Kim;2001-11-17;97866;2022-01-11;Religions
Bethany Cole;1954-06-03;81632;2019-11-09;Programmers
Shane Roberts;2003-01-01;96413;2018-05-07;Biz
Michael Ford;1954-06-12;3815;2018-08-12;Sufficiently Equally
Robert Williams II;1962-01-19;37493;2018-07-28;Strand Vital
Michael Salazar;1996-06-16;11975;2022-06-10;Session
Justin Harris;1965-04-14;37930;2021-01-23;Chamber
Theresa Peterson;1994-03-09;2062;2022-01-06;Surveys
Jesus Green;1985-01-04;71763;2022-05-08;Committee
Michael Hoffman Jr.;1976-02-14;8465;2022-03-31;Richards Montgomery
Barry King;2000-03-30;89063;2018-10-16;Sexual Membership
Jason Davis;1978-01-28;428;2020-12-09;Personals
Michael Morgan;1975-04-27;12742;2022-07-11;Convicted
Sheena Rivera;1961-07-09;36270;2021-07-01;Nhl
Justin Wong;1963-01-14;77992;2022-08-23;Surprise Leone
Ricardo Klein;1996-05-27;5861;2018-01-04;Tribal
Jason Paul;1957-10-02;8315;2018-06-14;Surrey
Alexis Payne;1968-12-30;4982;2018-07-21;Offensive
Peter Mckay;2000-08-26;75489;2022-03-29;Valium
Tamara Smith;1967-07-26;80969;2021-10-26;Clubs Mozilla
Stephanie Sharp;1991-06-05;48393;2018-05-17;Startup
Michael Alexander;1995-08-16;4640;2018-09-28;Finishing Episode
Nathaniel Hartman;1987-06-17;32720;2020-03-17;Elephant Theatre
Alejandra Miller;1979-04-22;73089;2020-06-12;Devel Lab
Dawn Bell;1971-04-28;90781;2020-03-27;Placing
Dr. Willie Martinez;1958-06-03;96938;2020-01-13;Granted Previously
Jon Medina MD;1971-08-16;16670;2019-01-15;Newspaper
Tyler Burns;1975-12-21;10620;2021-10-09;Causes
Devon Jacobs;1962-06-20;49963;2019-09-03;Reel Reward
Brooke Nunez;2001-06-24;59213;2021-09-10;Bras
John Colon;1966-10-19;99953;2019-10-01;Teeth Interested
Earl Madden;1991-05-28;1420;2021-07-20;Publications Broadband
Jeff Massey;1967-07-21;91236;2021-01-08;Artist Broadcast
Marie Carpenter;1970-05-01;95930;2018-03-21;Cheat
Jeffery Knight;1966-04-01;86871;2020-10-22;Toxic Advertise
Breanna Clark;1994-09-19;89275;2022-01-23;Likewise
Derek Black;1960-02-06;87723;2018-07-05;Gen
Andrew Moore;1988-04-02;66699;2018-06-23;Beneficial Husband
Karen Snyder;1987-06-26;22203;2021-09-07;Detected Response
Kelly Gibbs;1973-02-03;29573;2021-02-01;Dealing
Jennifer Martin;1996-03-09;57990;2021-11-26;Shipment
Miguel Peters;1961-05-20;13239;2020-05-29;Plenty
Jenny Payne;1964-08-20;68690;2022-08-22;Standard Uh
Angelica House;1976-05-30;74545;2019-06-12;Shemale
Carl Kennedy;1994-11-19;72783;2019-03-16;Besides
Melvin Orr;1994-02-25;48226;2021-09-14;Sectors
Ronald Ware;1966-04-18;52919;2019-02-10;Headers
Casey Anderson;1991-12-11;78080;2019-12-29;Titanium
Jonathan Green;1963-06-16;95348;2021-09-11;Final
Melvin Dunn;1988-10-12;96931;2019-03-03;Rome Reconstruction
Robert Wallace;1994-12-22;94292;2020-12-19;Destinations
Joyce Anderson;2003-12-18;48505;2018-01-31;Rivers Anatomy
Karen Guzman;1995-09-06;83779;2018-05-11;Tech
Troy Fox;1977-01-12;12126;2020-03-27;Colin
Colin Gordon;1957-08-31;35608;2018-07-06;Contributed
Alicia Harper;1993-02-04;18900;2021-10-11;Sol
David Lewis;1976-10-23;22910;2021-09-05;Contributor Pirates
Jennifer Dalton;1999-07-06;378;2019-04-05;Pick
Christopher Spencer;1976-07-24;54470;2019-11-12;Perception
Anna Rivera;1993-06-07;35802;2022-01-24;Thereafter
Donna Mitchell;1964-01-21;88699;2018-05-30;Staffing
Justin Brady;1964-07-30;4693;2021-03-09;Delivers
Benjamin Cabrera;1981-08-29;66498;2021-03-24;Microwave
Kelsey Rodriguez;1974-12-10;36876;2018-11-13;Flights
Jennifer Doyle;2003-08-29;86669;2022-08-13;Construction
Thomas Walker;2004-08-25;1952;2020-10-10;Rfc
Michael Morgan;1971-10-30;67344;2018-07-12;Violin Cuba
Stephanie Mckay;1970-12-17;53542;2020-10-20;Motivation
Shane Medina;1978-04-12;11242;2020-11-28;Assumption
Jennifer Riley;2001-05-08;71101;2019-03-02;Throughout
Shaun Jones;1987-01-23;2397;2019-04-10;Missions
Jeremy Garcia;1953-04-11;49189;2020-12-20;Config
Mary Nguyen;1999-06-14;58028;2021-12-08;Pregnant
Morgan Dennis;1989-05-24;81470;2018-08-17;Screensaver Bluetooth
Erika Willis;1968-08-01;96810;2021-10-20;Passes Valley
Kristy Johnson;1994-08-10;211;2022-01-09;Template
James Lee;1985-09-26;26880;2021-09-02;Responsibilities
Brenda Smith;2004-06-12;63139;2020-10-03;Foreign
Samantha Davis;1999-02-02;33570;2021-11-20;Conversations
Melissa Jacobs;1987-04-27;14029;2022-06-01;Shemale Master
Todd Lee;1982-07-25;20734;2022-02-05;Bid Color
Benjamin Cobb;1956-07-18;99203;2022-01-21;Frozen Pr
Sheryl Rice;1962-02-23;15382;2017-10-24;Vegetarian Rising
Kimberly Garcia;2003-09-14;54819;2022-08-06;Leg
Erin Clark;1999-10-20;66636;2020-01-28;Jefferson
Samantha Cunningham;1970-11-10;99765;2018-04-04;Smile Av
Samantha Vega;1973-08-26;67895;2022-07-01;Beautifully
Lisa French DDS;1975-11-21;78500;2022-06-14;Banned Monaco
Sarah Collins;2001-05-01;32453;2018-02-14;Insight
Michael Gonzalez;1972-10-02;63423;2018-03-01;Reflections Massive
John Cameron;1978-10-06;73105;2017-11-01;Triumph
Christopher Myers;1987-12-28;84937;2022-07-06;Seats
Michele Williams;1985-06-14;1486;2017-10-28;Futures
Jason Spears;1961-07-28;55364;2018-05-07;Competitions
Ronald Jimenez;1984-08-10;15255;2021-05-29;Dome
Dean Salinas;1958-10-27;20534;2021-03-20;Interest
Angela Smith;1982-11-03;83470;2018-05-19;Industrial
Shawn Mckee;1996-06-16;23513;2017-10-11;Procurement Pictures
Victor Roberts;1992-01-02;60131;2021-02-03;Capable Aspect
James Martin;2002-01-24;18909;2022-07-17;Environmental
Stephen Hart;1988-09-01;23807;2022-04-28;Transparent
Calvin Salazar;1970-06-16;96122;2018-01-31;Discounts
Richard Hall;1999-08-30;19252;2018-12-29;Enables
Shelia Robinson;1953-06-17;51178;2019-08-29;Settings Chronic
Blake Smith;1968-12-17;18651;2018-10-21;General
Cindy Hudson;1988-05-06;89670;2021-01-08;Confirm
Amanda Williams;1964-06-04;20847;2018-04-03;Annex
Russell Shepard;1971-05-13;18575;2021-10-10;Foundation Vulnerability
Tyler Moss;2004-04-16;98686;2019-03-24;Unwrap Bros
Hannah Davis;1988-10-30;44054;2018-09-05;Couples
Rebecca Wolfe;1980-02-09;63921;2017-10-12;Brunette
Ann Fuller;1954-06-30;85577;2020-04-21;Aol Wheels
Nancy Ramirez;2000-12-20;99866;2022-06-04;Secretary Infections
Penny Mcguire;1968-12-14;35036;2021-04-18;Provides Somewhere
Stephanie Erickson;1964-12-19;40091;2021-09-16;Documents
Kevin Stone;1957-02-16;74921;2019-04-28;Workplace
Anthony Johnson;1963-11-09;61776;2022-01-02;Tim Disappointed
Robin Guerra;1998-01-27;81058;2021-01-16;Prozac
Nicholas Harris;1983-06-17;61557;2022-01-29;Drugs
Deanna Hernandez;1981-08-12;34674;2019-01-16;Test
Michele Meyer;1990-11-17;22666;2020-09-23;Digital Mp
Lisa Clark;1963-09-14;91339;2022-09-02;Unions Fate
Samantha Hahn;1989-09-06;98945;2020-12-02;Prize
Suzanne Murillo;1995-01-15;21967;2021-10-24;Demands
Margaret Martin;1956-05-13;44613;2020-11-11;Criminal
Wanda Kerr;1986-03-17;82390;2022-05-06;Worry
Tina Rogers;1982-04-22;96855;2018-10-05;Nor Alien
Paige Johnson;1997-11-24;17120;2021-05-25;Sig Jaguar
Joshua Ortiz;1970-04-01;30662;2018-06-09;Punch
Sarah Edwards;1989-02-05;93921;2022-08-09;Convention
Frances Williams;1985-01-19;20179;2021-01-22;Requirements Prime
Kathleen Fleming;1983-11-03;43127;2020-08-08;Laboratories
Jason Brooks;1990-01-05;48097;2019-05-31;License Rock
Christian Johnson;1968-12-03;30187;2020-04-08;Larry
Gregory Roberts;1976-09-10;8964;2019-02-14;Loved
Daryl Dougherty;1964-03-04;21956;2020-10-24;Retirement Appreciation
Douglas Martin;1996-10-18;6362;2020-09-19;Swiss Epinionscom
Anthony Roberts;1956-01-15;70691;2018-01-15;Ship
Nicholas Williams;1992-10-24;35096;2017-12-06;Revenue
Cheryl Oconnor;1966-03-09;65477;2019-01-22;Filters Lined
Randall Peterson DDS;1993-09-16;41313;2018-02-24;Receptor Mg
Amanda Stanley;2000-04-22;63563;2019-05-23;Perhaps
Trevor Jackson;1996-08-26;41235;2019-04-14;Wizard
Rachel Johns;1986-08-27;39339;2022-07-17;Pointed
Stephanie Bailey;1978-10-19;36779;2022-05-17;Stream
Brittany Hammond;1984-05-15;99134;2018-08-28;Testimonials Situated
Melissa Hart;1957-03-14;64288;2019-09-25;Les
Dana Singh;1955-03-25;21254;2019-04-22;Brave
Cynthia Macdonald;2001-11-13;36870;2017-09-30;Bench
Erica Medina;1967-07-01;23192;2020-05-07;Rentcom Never
James Blankenship;1984-11-28;74844;2021-10-09;Little Chelsea
Steven Gonzalez;1997-07-09;89932;2019-10-22;Inspection Shade
Emily Lynch;1973-02-14;99132;2020-08-25;Funeral
Elizabeth Weaver;1997-05-17;37789;2022-01-20;Mail Complete
Cathy Wang DDS;1962-09-14;79901;2019-12-29;Motivated
Matthew Cochran;1994-11-15;62585;2020-11-19;Hospital
Charlotte Johnston;2003-05-22;46727;2021-08-24;Polished
Tiffany Thomas;1982-09-24;48176;2021-02-03;Cookies
Brittany King;1953-05-26;2398;2022-02-11;Es Perl
Joe Wilson;1996-08-25;16483;2021-10-07;Recreational
Gerald Watson;1955-04-23;2438;2017-12-22;Shaft
Joshua Jacobson;1958-06-04;4961;2021-07-12;Column Clarity
Reginald Nguyen;1988-08-08;8715;2020-03-16;Diagnosis Funding
John Trevino;1959-04-21;15186;2019-03-07;Instructional Mature
Veronica Craig;2004-06-05;57825;2017-12-06;Reasonable
Jessica Ballard;1990-01-14;81211;2020-12-18;Qld Male
Robert Day;1957-12-02;31871;2018-05-02;Little
Vanessa Barker;1976-03-11;55638;2021-04-06;Kitty
Matthew Campbell;1979-12-18;83264;2020-01-28;Scheme
Scott Miranda;1971-11-26;53356;2021-06-07;Confirm Farmer
Scott Smith;1953-03-17;64992;2019-11-30;Rl
Zachary Bowen;2003-07-12;69561;2018-03-08;Bacterial
Gene Parker;1984-04-20;47110;2019-07-19;Knit
Richard Schroeder;1960-04-22;47582;2018-12-01;Should
Nathan Velazquez;1985-04-08;93713;2018-09-26;Pearl
Sandra Hooper;1966-03-31;11811;2022-07-13;Lewis
Anthony Guerrero;1966-05-31;28991;2018-03-17;Proxy
Vincent Jenkins;1955-03-04;74594;2019-05-12;Represent
Daniel Carpenter;1961-06-12;68698;2021-12-05;Stated
Lisa Franklin;1965-11-03;46404;2022-02-22;Condos Nr
Kevin Jones;1987-01-07;62843;2021-09-03;Far Terms
Daniel Huffman;2001-11-22;12432;2017-09-28;Philosophy Sic
Susan Anderson;1987-06-24;82882;2020-03-10;Developing
Christine Bailey;1966-12-02;38326;2021-04-29;Tracker Handmade
Catherine Chung;1997-12-28;78600;2020-03-04;Second
Christopher Bryant;1960-07-10;59645;2022-06-01;Yahoo
Gary Sullivan;1994-06-14;63567;2018-03-22;L
Linda Simon;1982-10-25;90418;2020-12-28;Johns
Mary Williamson;1955-04-12;56670;2022-03-16;Shaw
Matthew Young;1996-06-09;36107;2021-03-16;Exit
Christine Rodgers;1991-08-09;94851;2021-06-17;Roommate
Brad Hicks;1999-06-16;35737;2017-10-06;Conclusion Polish
Lisa Adkins;1996-06-11;95881;2022-04-29;Horny Dot
Ashley Lara;1956-03-04;65172;2020-10-18;Src Mu
Linda Trevino;1996-01-11;35525;2019-11-15;Box
Sheri Rodriguez;1968-03-12;12378;2018-03-11;Approximately
Daniel King;1987-11-27;29423;2020-08-08;Falls Recordings
Mackenzie Ramirez;1954-12-03;56705;2021-11-22;Phd
Brandon Flores;1988-09-24;62414;2020-09-17;Fold Purposes
Catherine Heath;1968-05-14;56314;2021-05-25;Stop Managed
Kelly Arellano;1985-11-17;52459;2022-06-19;Thought
William Clark;1957-07-14;50328;2019-05-07;Das
James Washington;1989-02-12;60696;2020-07-09;Proudly
Jonathan Carroll;1986-10-07;72656;2017-11-06;Fellowship Prince
Peter Martin;1991-04-11;13337;2019-04-11;Anal Inches
Timothy Cortez;2002-11-19;69782;2021-11-28;Bloggers
Jeffrey Brown;1966-05-09;41889;2019-09-17;Bs Knights
Kimberly Robinson;1953-09-18;58120;2021-01-09;Sticks
Tara Christensen;1966-05-25;98526;2018-07-26;Proposals
Jason Castillo;1955-05-09;17546;2021-02-07;Live Duty
Christopher Olson;1970-03-15;80159;2019-07-16;Camcorders
Kellie Patrick;1994-08-28;50865;2019-09-14;Provinces Singing
William Mendez;1959-01-16;54585;2020-06-06;Killing Interior
Katie Carter;1985-06-22;70916;2020-04-24;Hay Equivalent
Evan Morse;1984-06-16;91379;2019-09-04;Dealers
Morgan Perry;1994-05-11;68020;2020-12-30;Counties Nhl
Karen Stark;1957-07-17;38281;2018-09-22;Intended
Megan Jones;1971-08-21;40341;2021-06-24;Robinson
Nicole Humphrey;1973-09-29;45779;2022-02-14;Nottingham Bush
Madison Vasquez;1994-08-08;65472;2019-08-05;Muze
George Stone;1994-01-07;83441;2019-07-01;Makeup Dynamics
George Garza;1986-03-12;76758;2021-04-25;Sacrifice
Austin Phillips;1955-02-13;6557;2021-01-22;Anne Mpegs
Mrs. Elizabeth Montgomery;1957-08-21;94232;2020-06-23;Automatically
Dana Collins;2003-10-14;15865;2020-10-06;Comparable
Joseph Melton;1983-04-28;1161;2020-02-15;Supplied
Teresa Bates;1976-12-05;26800;2017-11-25;Customized
James Chapman;1999-02-03;85014;2018-05-13;Austin Production
Kevin Smith;1993-07-01;39704;2018-07-10;Cn
Danielle Higgins;1971-01-04;8426;2020-08-01;Filters
Jamie Gregory;2000-08-06;71432;2022-07-25;Fifty
Shane Cortez;2003-02-11;77691;2022-04-14;Remix
Michael Reid;1964-04-18;78750;2018-02-18;Edward
Cindy Adams;2001-06-28;83711;2018-05-26;Began
Jason Martinez;2000-09-22;30160;2018-09-23;Editor Reception
Matthew Foster;1969-09-19;22444;2020-07-28;Terms
Lauren Alvarado;1972-03-12;25068;2020-06-30;Bidding Reduces
Elizabeth Mitchell;1972-08-05;24710;2022-05-25;Hire
Robert Brown;1962-10-10;74092;2021-03-30;Qualities Addition
Isaac Cunningham;1979-07-17;98261;2021-08-09;Manage
John Munoz;1977-11-27;18447;2020-03-07;Landing Musicians
Katherine Porter;1990-08-31;53979;2020-02-20;Michel Reynolds
Ashley Snyder;1955-08-23;5544;2022-04-28;Solutions
Tristan Webb;1969-08-31;90482;2020-05-01;Chambers
Corey Martinez;1957-01-25;23322;2022-02-09;Hoping Utc
Joseph Powell;1972-12-12;90183;2019-11-19;Enjoying
Christina Jimenez;1958-04-14;52848;2018-06-09;Trades
Stephanie Fletcher;1987-12-03;3020;2021-07-29;Boating
Timothy Mcclain;1964-03-08;62332;2020-01-31;Responded
Bradley Martin;1991-07-12;40720;2018-11-07;Had
Daniel Joseph;1994-12-11;32242;2018-04-23;Wagner Greeting
Megan Charles;1976-04-27;455;2017-11-23;Horizon
Mark Lee;1965-02-07;89621;2018-10-04;Int
Brent Butler;2001-11-07;90791;2021-02-21;Foundations Nashville
Lori Torres;2004-05-08;58904;2018-11-22;Thriller Bali
Elizabeth Johnson;2001-05-10;30252;2018-10-09;Sphere
Jason Rosario;1962-06-29;21658;2021-06-24;Gallery
Timothy Fleming;1987-07-22;44781;2021-03-05;Liverpool
Crystal Brown;1995-02-01;10136;2021-02-15;Pairs Churches
Debra Love;1991-03-16;73994;2019-03-01;Meet
Christopher Turner;1998-10-26;8326;2017-10-04;Grow
Tara Garcia;1955-11-24;81950;2022-02-06;Summit
Bob Porter;2002-02-07;97151;2020-10-20;Dan
Matthew Fisher;1957-04-21;15155;2019-08-17;Focuses
Steven Cardenas;1981-02-26;71315;2020-07-13;Twenty Dts
Carlos Evans;1986-06-10;37620;2017-11-14;Helped
Crystal Brown;1966-08-25;17785;2020-08-15;Mixed
William Gaines;1969-04-19;9699;2020-08-13;Neon Groundwater
Amber Weber;1961-03-29;49490;2018-07-30;Designation Hansen
Emily Fitzpatrick;1978-08-27;28835;2018-08-25;Held
Christopher Vargas;1988-12-06;24552;2021-01-18;Engineering
Elizabeth Hill;1988-07-11;7065;2021-11-12;Musician
Lisa Adams;1982-02-24;43563;2019-05-01;Arrived
Tony Ramirez;1995-01-11;57867;2022-07-27;Wizard Rarely
William Turner;1981-12-18;9849;2021-10-02;Crowd
Wesley Davis III;1996-10-15;95417;2020-08-31;Angels Tray
James Taylor;1965-05-04;39408;2018-02-23;Prior
Martin Murray;1986-07-07;38915;2022-03-05;Surely
Michael Mcpherson;1972-05-25;34182;2022-08-17;Targets
Tina Riley;1994-04-28;20197;2022-03-04;Faqs Qt
Melissa Best;1997-08-30;2399;2020-03-19;Crude
Mark Huynh;2001-10-02;88718;2021-03-15;Doctrine
Jason Miller;1997-07-04;56660;2018-07-19;Pumps Grenada
Douglas May;1982-05-07;25816;2021-12-22;Signed Incomplete
Maria Reeves;1986-11-26;76859;2019-02-28;Mom
Catherine Berry;1958-07-21;61630;2020-02-23;Hunter
Pamela Johnson;1972-10-28;30936;2018-05-23;Outcomes
Jeffrey Hubbard;1959-07-26;6512;2021-10-09;Geneva
Jessica Wilson MD;1956-06-12;2756;2021-05-15;Legacy Orders
Gregory Williams;1986-03-18;94561;2019-02-22;Previews Chapter
Yolanda Perez;1991-02-17;89662;2017-09-19;Appreciated
Jeanne Cooper;1983-03-26;14115;2021-04-18;Indexed Downloading
Melanie Kemp;1995-03-25;5116;2020-01-07;Timer
Traci Holden;1961-07-05;7203;2020-06-28;Accurate
Amber Baker;1953-02-21;14748;2020-12-04;Sie Campaigns
Matthew Hendricks;2004-05-12;20121;2018-06-01;Inexpensive Diesel
Rachel Gilbert;2002-12-01;17142;2020-10-07;Farming Pcs
Robert Nelson;1962-03-05;91602;2019-09-12;Inch
Jessica Luna;1959-04-08;36862;2018-04-13;Rentcom
Carmen Bennett;1982-07-11;18256;2018-10-24;Reviewing Surprising
Kyle Macdonald;1967-10-14;13562;2021-06-22;Xp
Jeffrey Scott;1964-11-10;21102;2018-01-31;Brain
Joseph Hayes;1974-10-10;68504;2020-02-09;Wizard
Isabel Barber;1983-07-20;8320;2021-04-06;Bulgarian
William Wilson;1990-12-18;57637;2017-12-12;Recovery Shoppingcom
Benjamin Jones;1989-01-15;18744;2019-12-20;Thompson Therapy
John Gomez;1987-03-01;37584;2021-07-04;Issn
Angela Murphy;1988-09-26;94528;2019-01-01;Exist Churches
Mark Rich;1967-06-07;22322;2017-10-06;Donna
Michele Jones;1977-10-08;57487;2021-01-16;Liver Injuries
Daniel Washington;1998-07-30;91595;2022-08-20;Ts
Terry Mejia;1967-09-20;53567;2019-06-03;Museum
Casey Manning;1978-10-16;67634;2020-11-16;Insert Ho
Kristy Ward;1957-01-11;98003;2020-08-05;Disc Lord
Nicole Carey;1969-08-05;84780;2018-09-05;Aquatic
Tina Watson;1956-03-23;93463;2019-05-16;Nor
Michael Mccarthy;1970-03-22;21690;2022-03-28;Stunning Carlo
Joseph Hickman;1960-06-23;82933;2020-06-29;Wear Scout
Cindy Cordova;2002-01-25;5986;2018-03-12;Says
Samantha Hernandez;1995-09-10;42753;2022-05-19;Chile
Paul Santiago;1996-04-21;67261;2020-11-14;Bronze Bondage
Christopher Myers;1995-04-14;5464;2020-08-04;Set
Katelyn Campos DVM;1975-01-31;36917;2017-11-25;Subsidiary
Michael Lyons;1971-12-21;55913;2020-03-19;Doors
Daniel Phelps;1975-12-14;54365;2018-10-02;Atomic Pie
Walter Perez;1989-11-18;5198;2019-12-30;Perception
Jennifer Woods;1956-09-26;15542;2020-03-11;Correlation
Chad Graves;1996-07-27;57787;2019-02-24;Scholarship
Candice Davidson;1955-02-12;59767;2021-08-02;Brown Melbourne
Benjamin Waters;1985-04-15;58448;2020-10-29;Porcelain
Susan Webb;1972-07-02;4373;2020-10-26;Significance Newer
Carlos Rivera;1988-01-27;39034;2019-08-09;Herald Been
Matthew Whitehead PhD;1958-05-17;6539;2019-03-18;Relying
Jennifer Downs;1960-11-20;75217;2021-03-17;Insight
David Lee;1968-04-05;55351;2021-07-07;Examples
Christopher Fry;1984-12-30;35784;2021-01-15;Winter Pond
Leslie Monroe;1991-05-13;6715;2020-09-05;Sie
Margaret Castro;1992-10-03;54331;2018-10-29;Donna
Lisa Mason;1972-09-25;36324;2017-11-23;Remain
David Rodriguez;1953-10-13;22797;2018-05-23;Web Nov
Nicole Gray;1997-02-02;71292;2019-06-21;Subscribers Toolbar
Nicole Lewis;1968-03-29;10469;2018-09-06;Simpson
Thomas Freeman;1972-10-07;46602;2022-02-11;Ice Updated
Brenda Reyes;1996-03-31;14131;2018-08-26;Suits
Bruce Rios;1955-11-02;79310;2021-07-08;Sister Div
Sonia Cruz;2000-12-02;58538;2019-11-30;Rules
Gary Jones;1956-05-30;27592;2018-08-30;Gerald
Jennifer Morales;1969-09-26;7274;2021-09-07;Crossing Justice
Andrew Castillo;1956-12-11;15013;2021-05-07;Annoying
Linda Mcclure;1965-07-24;59038;2022-06-11;Reed
Kenneth Weaver;1956-08-08;98740;2020-09-29;Fy
Brad Ward;1973-07-01;5026;2021-05-04;Hawk Expanding
Michael Walter;1985-09-01;11605;2022-07-11;Distribute Terrain
Mr. Cody James;1986-05-03;25332;2019-01-22;Hist
Pamela Osborne;1999-12-18;10012;2020-08-05;Epinionscom Winner
Stephanie Miller;1970-08-20;58415;2020-03-05;Subcommittee
Jennifer Parks;1999-11-16;923;2018-02-10;Surface
Benjamin Anderson;1956-12-06;77646;2021-12-21;Quotes Related
Renee Fletcher;1959-01-26;95341;2021-12-23;Bishop Congressional
Marcia Andrews;1959-05-13;44861;2018-06-03;Mar
Samantha Anderson;1978-02-04;99844;2021-12-14;Calibration
Sonya Thompson;1991-11-15;97813;2017-11-08;Lead Distribute
Heather Young;2002-06-13;62073;2021-05-11;Talk Correctly
Michelle Collins;1991-01-10;41495;2020-11-19;Soup Changed
Christine Hill;2002-05-29;34423;2018-01-08;Aye
Dakota Hall;1989-01-07;10618;2021-10-31;Airfare
Melissa Knight;2003-09-18;80789;2018-12-28;Tour Albany
Sabrina Brown;1988-03-15;94797;2021-11-28;Happy
Victor Hoover;1975-08-14;16815;2019-09-05;Happen Wisdom
Brandon Brown;1999-11-25;52927;2021-03-15;Portable
Timothy Hayes;1966-02-10;12392;2019-09-26;Greensboro
Brittany Williams;1996-09-20;79632;2022-08-08;Portland Isolated
Derek Bell;1978-10-25;13940;2022-07-18;Des
Jesse Williams;1962-07-31;70057;2021-04-04;Deployment
Benjamin Armstrong;1992-09-10;88753;2019-07-12;Previously
Jose Gill;1967-05-25;85768;2019-07-08;Flash
Thomas Boyd;1970-07-16;7348;2022-06-12;Level
Nathan Howard;1979-09-07;41241;2022-05-21;Setting
Thomas Greene;1980-01-26;92882;2021-09-19;Posted
David Marshall;1971-03-14;74283;2017-11-15;Assisted
Brandy Thomas;1963-05-03;87462;2021-02-15;Niger Consequence
Elizabeth Chang;1976-04-11;42008;2019-08-01;Jay
Anthony Cummings;2000-05-12;93935;2020-01-23;Fujitsu Therefore
Brian Garcia;1989-01-14;60340;2020-04-22;Fp
Brittany Grant;1979-02-09;50522;2019-05-23;Elliott Pulse
Victor Mcgee;1987-01-11;99842;2022-07-16;Withdrawal
Tracy Preston;2003-12-26;21213;2019-04-29;Roles
Robert Sandoval;1999-05-18;49532;2018-08-31;Parameter
Samantha Castillo;1981-10-07;18511;2018-09-14;Without
Leslie Lyons;1987-10-25;68020;2018-06-17;Ignore Outreach
Karen Evans;1986-07-30;15051;2018-05-18;Outer
Edward Roberts;1970-09-08;35391;2017-11-28;Parking
Amy Watts;1960-01-08;10265;2018-11-30;Prime
Melissa Butler;1957-12-09;3660;2021-07-21;Maximum
Heather Moore;1966-07-13;36260;2020-06-16;Many
Brian French;1995-10-05;64884;2020-09-20;Virgin
April Edwards;1975-11-01;86510;2021-08-18;Directive Dealt
Jean Carpenter;1977-10-15;61070;2020-07-20;Opinion Gap
Katie Mcdowell;1990-09-05;71188;2019-11-26;Canon
Sheila Hall;1997-01-16;53393;2019-08-14;Physical
Patrick Brooks Jr.;1977-06-28;86324;2019-02-22;Gnu Owns
Grace Edwards;1989-11-16;24407;2017-12-12;Ing Refine
Robin Chan;1976-09-16;97898;2020-01-08;Attending Un
Elaine Moss;1983-02-08;51405;2021-07-12;Cordless
Michael Walton;1972-12-28;22278;2018-10-29;Spectrum
Raymond Guerrero;1997-07-18;17813;2018-03-03;Pays
Sylvia Thompson;1968-02-02;6572;2021-07-04;Prizes
Erin Sellers;1983-03-01;26683;2019-07-13;Angola
Kenneth Spencer;1999-11-19;61058;2019-06-12;Smile
Madeline Clay;2000-01-01;72307;2019-05-24;Doug
Mark Parsons;1999-02-05;66521;2022-01-06;Reviewer Arlington
Aaron Bates;1985-06-15;98318;2017-10-26;Arena
Raymond Glover;1970-01-19;4518;2022-03-25;Era
Courtney Wells;1995-03-02;24794;2021-12-21;Diagnostic
William Frank;1980-03-26;64747;2020-07-05;Rise
Jacob Boyd;1954-07-21;46800;2018-05-05;Reservation
Jacob Gutierrez;1960-07-24;51339;2021-08-05;Latitude
Ashley Miller;1990-07-06;71029;2020-04-19;Arranged Routes
Mrs. Leslie Montgomery MD;1992-03-08;76146;2022-03-10;Paid Gangbang
William Gonzalez;1954-05-09;50957;2020-06-17;Ride Ty
Daniel Bird;1981-06-07;35125;2018-01-30;Somalia
Mary Sanders;1994-12-13;7522;2018-03-26;Nos
Kelli Dixon;1966-06-16;428;2022-02-19;Gratuit Floor
Mario Holloway;1970-05-30;20496;2018-03-14;Interim
Ashley Wilson;1954-10-12;60601;2021-01-20;Porter
Chelsea Wade;2001-10-13;19879;2018-07-12;Chart
Tina Marshall;1969-09-01;76629;2018-05-24;Positive Powered
Kevin Wilson;1999-03-03;77751;2021-06-21;Usual
Desiree Webb;1982-06-06;15520;2019-05-09;Devices
Andrea Gordon;2001-05-11;18542;2022-06-27;Warnings
Daniel Lee;1993-06-03;77388;2018-05-08;Economic Industry
Philip Frederick;1960-02-23;70731;2019-04-22;English
Ronald Howard;1954-10-13;9360;2022-06-24;Explains
Haley Castillo;1960-03-20;47090;2019-05-24;Habits Network
James Vazquez;1962-03-04;40202;2021-01-10;Declined Sources
Rhonda Tran;1971-09-01;29634;2020-11-05;Radiation
Sarah Roberts;1988-12-19;46159;2018-02-07;Freely
Melanie Reynolds;1973-01-01;56573;2021-02-11;Operators
Robert Rose;1962-05-08;73491;2021-02-27;Daniel Interactive
Kelly Williams;1959-09-20;64656;2019-04-25;Dj Mi
Hannah Campbell;1960-05-07;26585;2021-03-10;Commented Child
Leah Hunter;1965-02-28;86529;2018-01-14;Historical Lotus
Kathryn Smith;1988-04-05;36722;2020-04-02;Even
Hunter Martinez;1953-06-03;15149;2021-12-19;Detailed
Jennifer Williams;1972-04-04;60851;2019-10-21;Voip
Heather Welch;1958-01-20;26081;2021-08-11;Encourage
Tracy Long;1999-03-20;52347;2019-05-01;Milk Coordinated
Travis Carlson;1980-08-05;41946;2020-04-06;Modifications
Elizabeth Bishop;1988-05-10;47384;2020-08-08;Terrain
Kristina Moore;1954-05-10;90742;2021-12-31;Significance Pushed
Jeremy Diaz;1966-09-14;32228;2020-05-04;Percent
Bill Ward;1974-07-04;41732;2019-07-15;Trek Impact
Todd Jordan;2002-02-02;62556;2018-09-04;Packard
Dan Cline;1960-05-31;68256;2019-11-04;Statutes
Mrs. Amanda Jones;1983-01-04;35621;2022-08-10;Specifies
Christian Hansen;1998-11-28;93969;2020-12-06;Welfare
Christopher Garcia MD;1967-03-29;18083;2021-08-04;Programmers
Heather Decker;1988-02-02;62202;2017-11-18;Yeah Schedule
Johnny Fuller;1978-04-26;24106;2019-01-11;Outside Duration
Shawn Browning;1974-08-07;51812;2022-08-27;Aid
Terry Collins;1969-07-14;99734;2018-04-12;Huge
Raven Gutierrez;1972-06-08;60791;2019-05-09;Lovers
Brandon Howell;2000-09-11;37761;2019-06-17;Effort Pattern
Tammy Sullivan MD;1999-11-09;25415;2020-09-25;Constitutes Boolean
Darren James;1994-10-27;89694;2019-10-25;Bond Does
Mr. Jordan Oneill;1955-04-03;97911;2017-10-23;Mask
Robert Bell;1991-08-12;37504;2021-10-22;Engaging
Michael Brock;1975-02-05;20999;2020-10-02;Entrepreneurs
Michael Gordon;2003-06-30;52201;2020-09-21;Resort
Jeffrey Riley;1995-10-21;71363;2019-12-07;Peeing
Ashley Martinez;1986-12-29;23080;2020-06-20;Visible Breaks
Nancy Ferrell;1988-05-02;39450;2017-12-18;Assuming
Danielle Haynes;1965-01-30;75035;2021-09-28;Prospective
Micheal Coleman;1993-03-11;83949;2020-06-22;Officially
Jennifer Reid;1981-12-30;74965;2020-05-01;Milwaukee
Tammy Lee;1961-02-12;24106;2020-05-07;Complete Peas
Samantha Lewis;1953-12-29;22401;2017-12-12;Cheese
Kimberly Alexander;1991-05-01;50851;2018-08-17;Miles Icq
Makayla Howard;1991-10-11;80807;2018-02-03;Reached
Amy Gilmore;1974-12-01;95963;2022-06-30;Sauce Purchasing
John Flores;1955-06-30;35534;2020-12-16;Cent
Sherri Cooley;1993-08-10;12683;2020-01-30;Mens
Janice Shields;1989-04-10;59162;2021-11-10;Ds
Desiree Evans;1984-05-20;26367;2018-06-01;Superb
Christopher Hall;1955-01-23;33017;2019-09-05;Rand
Larry Cole III;1964-01-28;67918;2021-07-11;Gender
Ryan Salinas;1957-03-23;9317;2017-12-29;Greeting
Megan Miller;1966-05-27;80123;2022-04-30;Lighter
Robert Thompson;1959-04-06;51104;2018-02-04;Assigned
Michael Dixon;1994-01-16;40344;2018-01-14;Dozens
Jesus Pollard;1987-09-03;37231;2021-04-05;Portion
Jonathan Mcdonald;2003-07-30;8918;2019-02-26;Controlled Allocated
Keith Farley;1958-04-29;66055;2019-06-13;Landscape
Anthony Baker;1996-08-08;53674;2021-11-07;Department Flex
Dylan Weaver;1973-02-23;5841;2020-05-10;Comes Widescreen
Martin Patterson;1997-11-29;9370;2019-04-26;Connection
Susan Johnson;1968-03-04;57182;2017-12-30;Jay
Mark Ramos;1954-07-29;50743;2020-04-13;Encouraging Exceptional
Kathy Wiggins;1953-12-24;48531;2020-03-28;Sudan
William Moore;1979-03-10;47091;2020-06-11;Cake Extend
Timothy Todd;1995-08-14;57146;2017-11-02;Locked Sculpture
Elijah Buchanan;1969-10-05;6786;2018-09-05;Tiger
Paige Jackson;1960-12-25;53386;2019-09-20;Tasks
Travis Delacruz;1955-10-28;50618;2021-11-19;Patches Remove
Angela Lee;1975-11-15;24225;2021-12-05;Whereas
Jessica Patterson;1972-12-14;70846;2020-02-23;Cycling Coast
Shannon Jordan;1963-06-14;13753;2021-07-19;Numerical
Deborah Smith;1992-09-08;75574;2019-08-10;Geek
Megan Lopez;1982-07-14;69465;2019-05-11;Phone
Ryan Adams;1993-10-30;37366;2021-04-02;Golden
John Franco;1968-03-01;7065;2021-05-13;Site
Sydney Bishop;1969-11-24;47090;2020-10-24;Searching
Gloria Mercado;1985-06-11;34459;2020-08-08;Mozilla
Timothy Campbell;2002-04-27;11761;2020-02-12;Pursuant Ordering
James Lopez;1975-06-14;34961;2018-03-15;Logs Functions
Robert Andrews;1961-07-11;44229;2020-08-30;Lol
Terry Buchanan;1957-03-15;77048;2019-09-11;Fate
Terry Clements;1964-11-26;89734;2022-05-04;Honduras
Ryan Patrick;1970-01-01;80393;2022-04-28;Memo
Brooke Cervantes;2002-09-19;85146;2018-08-25;Ought
Brenda Sanchez;1969-07-03;99034;2020-08-03;Meanwhile No
Gregory Glass;1966-10-19;52707;2021-12-16;Certification Aside
David Rodriguez;1983-03-27;67706;2018-04-03;Skype Collector
Michael Melendez;1974-06-24;70603;2021-05-20;Coverage
Anne Martin;1994-12-28;83091;2021-03-20;Online Asp
Dustin Rios;1956-01-23;20669;2019-01-11;Playboy
Stephen Holder;2001-08-28;82423;2020-11-07;Chief
Michael Wells;1955-07-04;90399;2017-09-30;Lawrence
Ryan Dickerson;1959-04-19;55183;2018-10-27;Lycos
Karen Evans;1981-08-23;54078;2018-08-28;Picks Threats
Bruce Robbins;1956-05-16;20508;2021-09-10;Community
Michael May;1981-08-20;62223;2018-09-24;Ronald
Vanessa Johnson;1993-10-22;89648;2018-01-21;Nations
Thomas Chapman;1998-09-01;23870;2019-11-07;Livesex
Amber Smith;2004-08-19;67296;2022-08-26;Los
Justin Peters;1996-05-08;81235;2020-08-27;Sierra
Eric Tate;1990-08-05;43135;2017-11-12;Relate
Laurie Rollins;1995-12-09;86466;2022-06-11;German
Whitney White DVM;1981-03-12;90201;2021-08-04;Oc Appear
Marie Johnson;1981-12-22;46739;2017-09-16;Westminster Genre
Dr. Beth Branch;1994-07-12;42766;2018-03-09;Opened
Rita Edwards;1995-06-20;10773;2018-03-03;Baker However
Darren Mcgrath;1991-02-19;19610;2019-03-18;Recordings
Theresa Brandt;2000-08-07;82234;2022-03-15;Tour Save
Zachary Reed;2004-03-17;5646;2018-01-22;Burlington
Christopher Parker;1997-01-12;18170;2017-09-22;Magic
Alexandra Martin;1953-08-22;23415;2018-09-06;Realtors Bad
Keith Brown;1993-01-28;59736;2020-05-31;Cape
Joseph Noble;2000-12-02;72454;2021-08-06;H Lows
Michelle Scott;1985-02-16;36450;2020-06-15;Desktop Pike
Emily Hicks;1959-06-22;35739;2022-02-16;Civilian
Destiny Taylor;1966-07-29;17765;2020-01-29;Xnxx
Richard Flores;1985-05-01;78842;2021-09-26;Billion Stress
Michael Bradshaw;1995-01-05;68147;2018-04-01;Kentucky
John Beck;1993-06-16;12753;2021-08-06;Classes Shapes
Mark Lee;1989-09-20;24048;2021-04-17;Vista
Tracy Miller;1991-10-23;57221;2021-06-06;Reaction
Brandy Lee;1968-12-24;79514;2021-12-08;Gdp Header
Ronald Lane;1954-06-06;9865;2021-03-16;Perform Talks
Carolyn Lane;2004-06-13;3265;2021-06-29;Sound
Tamara Hamilton;2002-05-13;42981;2022-05-24;Key
Clayton Williams;2003-12-12;10034;2020-09-02;Describe
Jacqueline Fox;1976-10-07;24347;2022-07-14;Receptors
Angela Mullen;1967-08-21;58461;2021-03-06;Belgium
Melissa Moss;2003-10-05;2928;2021-07-08;Helen
Deborah Hood DDS;2002-05-14;95299;2019-05-02;Agricultural
Edward King;1984-02-21;2898;2020-08-24;Senators Highest
Michael Harris;1966-05-10;87843;2020-01-21;Pushed
Jessica Turner;1998-02-24;98421;2022-06-08;Approach
Jared Allen;1992-03-26;71827;2020-03-20;Fell
Tara Thomas;1973-07-05;14782;2017-11-27;Aircraft
Mrs. Karen Baldwin DDS;1983-10-08;22820;2020-04-23;Ipod Clocks
Derrick Powell;1998-02-13;18335;2021-06-17;Magazines
Barbara Gonzalez;1979-10-17;20428;2021-01-03;System
Jackie Howe;2001-06-18;56023;2021-06-11;Fastest
Thomas Patel;1970-01-22;52422;2018-12-02;Hosted
Allison Fernandez;1991-08-02;1662;2018-07-31;Recorders
Patrick Meyer;1960-01-11;34391;2019-06-05;False Islands
Jack Potter;1999-10-06;52613;2020-03-28;Than
Sara Bryant;1954-05-16;42367;2019-07-16;Displayed
Edward Hunt;1973-06-05;1499;2021-07-12;Sorted Comparison
Kimberly Bennett;1968-12-30;44909;2020-11-13;Commons
Brenda Wallace;1966-05-16;65262;2018-05-06;Myth User
Mrs. Krista Andrews MD;1964-08-09;23862;2021-03-24;Chronic
Mrs. Alexandra Mitchell;1989-05-05;50096;2017-10-27;Gamespot
Dustin Wilson;2004-05-14;66854;2019-08-27;Mercedes Picks
Ruben Smith;1957-11-02;97275;2020-09-10;Would
Willie Johnson;1994-05-07;15196;2022-09-13;Hundred
Mr. Eric Lowe;1952-10-26;36585;2019-08-20;Counters Pam
Amanda Hill;1981-04-23;21881;2019-04-06;Expert
Jonathan Flores;1978-10-23;40888;2018-06-08;Troubleshooting
Alexis Lawson;1993-11-02;43943;2021-06-10;Dynamics
William Harrison;1953-11-21;17895;2022-05-29;Automatically
Margaret Jackson;1961-05-08;14622;2019-11-03;Piano
Jennifer Lewis;1960-02-23;13182;2020-08-24;Battle
Mark Silva;1977-08-17;13281;2020-07-27;Productivity
Lisa Lopez;1965-04-29;14967;2018-01-12;Sharing
Melissa Peters;1957-10-08;58491;2020-06-13;Probability
Jack Miller;1998-04-26;51066;2020-01-16;Lord
Jacob Martinez;1985-02-26;45466;2021-01-14;Twist
Keith Steele;1985-07-08;52095;2018-12-08;Reason Resident
Kimberly Watkins DDS;1974-09-23;56238;2017-10-29;Instrument Sims
Tracy Fox;1992-07-30;73975;2020-10-04;Horse
Aaron Davis;1977-04-16;89061;2018-02-25;August Catalog
Patricia Williams MD;1987-09-30;97853;2021-11-12;Fixtures Functions
Hannah Lee;2000-08-06;98182;2021-06-12;Margaret
Sara Valdez MD;1992-02-28;23193;2020-11-22;Beneath
William Roberts;1970-09-10;53829;2018-05-15;Ru Problems
Jason Williamson;1971-01-03;46759;2019-12-06;Beads
Kathryn Rivera;1993-11-18;75071;2021-06-02;Quest Defensive
Dr. Candace Leon;1973-03-05;82777;2019-06-08;Hole
Trevor Medina;1978-12-13;42785;2021-08-11;Tom Bow
Carlos Andrews;2002-04-20;73222;2018-12-16;Newsletter
Frederick Davis;1965-12-16;2562;2018-08-12;Fill
Stephanie Johnson;1991-03-19;43327;2021-11-30;Matches
Brian Hahn;1971-11-17;65936;2018-06-10;Studios
Peter Martinez;1981-06-30;60401;2020-10-13;Survival
Lauren Wright;1995-06-04;57715;2022-06-08;Del
Jennifer Brown;1955-02-07;83920;2020-09-20;Bc Proteins
Timothy Jones;1983-09-02;13556;2017-11-21;Reaching
Christina Briggs;1975-08-16;97410;2020-03-09;Scott
Ryan Carter;1991-09-06;8616;2022-02-11;Builders
Paul Moreno;1989-03-07;11738;2019-08-25;Knit
Michael Alvarez;2004-02-14;60236;2021-04-25;Springs
Elizabeth Taylor;1990-12-05;43472;2020-03-28;Pastor Bend
Jessica Gates;1979-01-07;23357;2021-05-20;Tiffany
Loretta Pineda;1992-03-02;37897;2021-03-10;Diet Champagne
Charlene Reynolds;1959-08-12;37815;2022-06-24;Relevance Relatively
Katherine Casey;1968-02-25;79273;2019-05-10;Ball
Monica Mitchell;1976-05-08;24906;2020-11-28;Notifications
Gabriela Roberts;2003-02-15;56060;2022-08-01;Kate
Dr. Alison Bates;1994-09-28;1068;2021-03-18;Personally
Nathan House;2000-07-04;67461;2019-11-20;Brave Resolutions
Christopher Anderson;1976-02-23;81846;2020-03-27;Entire
Matthew Downs;1963-12-13;59695;2022-02-02;Carolina
Lee Johnston;1988-05-12;58876;2017-09-14;Residents
Mr. Kevin Bradley;2000-05-11;84663;2021-09-02;Geneva
Martin Nicholson DVM;1967-12-13;88257;2020-01-02;Responsibilities Recipes
Jeremy Singh;1956-12-24;62473;2018-07-25;Music Indirect
Ronald Garrison;1977-07-29;1367;2022-06-24;Tit
Joseph Potter;1989-03-20;13803;2018-02-07;Formation
Jack Torres;1986-10-13;45747;2019-01-17;Array
Justin Barnes;1961-04-08;14062;2019-06-24;Whilst
Krista Sullivan;1988-03-06;19339;2022-04-09;Collectibles
Erik Freeman;1957-02-05;77301;2021-06-13;Thereby
Michelle Torres;1958-08-25;44488;2018-07-12;Difference Functional
John Lindsey;1982-01-22;53429;2017-10-21;Caps Brutal
Yvette Silva;1995-03-30;36847;2022-04-24;Now Rays
